最终成绩,第二次评审标准分极差,一阶段极差,专家一标准分,专家二标准分,专家三标准分,专家四标准分,专家五标准分,一阶段成绩
292.55,12.55,18.58,79.4,68.88,77.89,73.35,60.82,72.068
283.24,9.84,15.03,69.36,72.12,62.86,77.89,75.16,71.478
280.39,20.7,15.97,51.83,64.12,67.8,55.58,63.61,60.588
272.46,21.14,11.85,72.22,60.37,70.54,64.15,60.42,65.54
269.46,15.54,18.23,71.17,53.97,66.24,62.98,52.94,61.46
265.38,24.96,9.70,69.36,65.18,63.12,64.3,59.66,64.324
263.01,36.76,31.67,70.15,50.86,74.67,65.21,82.53,68.684
262.78,16.53,7.79,66.42,60.12,67.53,59.74,63.41,63.444
261.38,23.29,11.55,70.3,66.87,58.75,61.62,62.71,64.05
260.39,17.23,16.80,68.48,59.17,53.24,51.68,62.98,59.11
259.93,8.41,24.61,52.6,65.76,77.07,77.21,66.31,67.79
259.63,18.3,23.88,69.24,45.36,57.36,65,56.17,58.626
256.46,6.65,16.87,55.95,72.82,68.26,67.02,67.64,66.338
255.7,4.84,10.02,63.77,59.43,63.08,65.45,69.45,64.236
253.74,7.87,22.33,76.22,75.64,68.91,62.37,53.89,67.406
253.58,10.76,13.08,67.62,56.84,55.29,54.54,64.93,59.844
253.53,15.51,4.08,70.19,67.62,68.44,66.11,68.97,68.266
252.85,1.02,13.85,55.94,62.48,56.84,69.79,67.92,62.594
252.07,5.19,13.79,58.57,65.21,51.42,62.89,54.15,58.448
251.82,24.71,22.57,74.89,73.4,52.32,69.12,63.4,66.626
251.53,15.7,7.64,71.08,65.63,65.84,64.95,63.44,66.188
251.23,5.71,9.90,62.51,67.65,68.53,58.63,61.1,63.684
250.87,20.27,15.35,72.51,73.43,64.5,66.25,58.08,66.954
250.67,7.38,13.07,67.14,68.26,58.83,55.19,55.62,61.008
249.79,2.52,18.50,71.17,68.91,61.66,60.4,52.67,62.962
247.35,8.78,13.19,60.2,63.16,51.74,64.93,64.11,60.828
246.65,5.97,20.23,63.57,73.3,75.06,61.69,54.83,65.69
246.51,22.73,27.89,64.33,73.96,59.34,54.96,46.07,59.732
245.69,10.8,17.38,50.93,65.18,58.39,65.69,68.31,61.7
245.59,22.03,18.47,66.68,67.55,75.06,56.59,62.35,65.646
244.66,18.83,28.94,66,54.41,68.58,80.35,83.35,70.538
244.42,6.47,21.25,65.21,64.24,43.96,57.76,58.57,57.948
243.34,22.07,32.06,49.63,66.87,41.78,73.84,64.24,59.272
243.31,35.88,19.88,53.21,73.09,61.5,63.56,59.92,62.256
243.08,17.28,20.39,77.73,57.34,60.35,70.64,64.32,66.076
241.32,12.83,13.67,74.31,60.8,66.87,60.64,65.2,65.564
240.77,12.56,16.14,64.24,54.81,59.43,52.45,48.1,55.806
240.25,12.29,13.67,60.45,62.48,70.39,56.97,70.64,64.186
240.16,12.49,18.85,77.67,61.18,64.15,67.16,58.82,65.796
238.57,20.59,21.70,57.63,45.18,66.88,58.39,50.35,55.686
238.48,14.28,5.43,57.95,59.34,59.91,54.48,58.82,58.1
238.24,15.5,15.86,68.38,63.31,67.07,52.52,59.84,62.224
237.42,8.63,16.75,63.48,58.39,63.12,46.73,63.48,59.04
236.57,11.11,22.44,71.17,62.14,52,58.82,48.73,58.572
236.35,15.11,14.84,64.86,65.87,51.03,60.82,58.52,60.22
235.31,9.12,11.44,50.93,61.19,60.6,62.37,56.16,58.25
233.55,8.17,15.67,60.09,55.66,67.69,68.91,53.24,61.118
233.54,16.08,18.56,65.17,73.26,65.73,59.02,77.58,68.152
233.33,21.34,17.68,63.77,57.17,73.3,55.62,70.09,63.99
233.3,12.41,30.31,71.17,56.34,48.2,40.86,67.51,56.816
231.2,11.53,26.15,85.99,64.12,60.67,61.04,59.84,66.332
231.12,21.17,9.76,54.36,58.24,64.12,57.16,58.59,58.494
230.84,5.29,18.88,61.3,51.42,65.73,46.85,53.87,55.834
229.72,19.37,23.85,47.63,71.48,66.62,60.4,68.4,62.906
229.33,9.57,14.77,55.04,64.37,52.25,67.02,59.92,59.72
229.12,6.4,15.23,66.83,61.91,64.31,57.4,72.63,64.616
228.58,9.7,19.00,51.83,67.55,61.99,50.48,48.55,56.08
228.27,23.37,34.64,66,62.22,66.16,36.33,70.97,60.336
228.03,3.39,12.22,56.37,54.22,58.19,66.44,56.51,58.346
227.93,11.22,15.54,65.39,49.85,64.31,54.15,53.87,57.514
227.91,8.9,19.01,62.26,60.32,44.04,63.05,62.87,58.508
226.95,19.38,17.47,64.03,73.26,55.79,61.45,55.99,62.104
225.6,11.54,17.57,72.11,54.54,59.81,58.63,59.22,60.862
225.58,14.38,10.57,62.66,54.41,63.48,59.96,64.98,61.098
225.3,17.23,20.26,74.19,53.93,71.75,66.25,62.01,65.626
224.68,22.58,20.41,58.65,70.97,66.31,50.56,63.41,61.98
224.4,3.18,24.91,63.5,67.58,49.28,46.07,70.98,59.482
222.13,10.32,12.48,61.36,66.98,62.86,73.84,69.73,66.954
221.87,4.91,17.56,70.5,55.04,54.93,68.15,52.94,60.312
220.03,19.99,20.78,57.17,73.3,64.89,52.52,52.94,60.164
219.88,20.09,17.93,61.01,58.36,49.4,58.21,67.33,58.862
219.05,9.46,25.93,80.65,58.44,54.72,61.69,63.61,63.822
219,8.19,11.12,49.33,60.45,51.18,59.09,58.52,55.714
218.85,11.76,17.74,70.3,63.16,52.56,59.09,56.43,60.308
218.79,15.31,31.56,58.67,55.84,81.91,50.35,64.32,62.218
218.04,9.71,16.41,62.67,69.31,65.18,52.9,56.13,61.238
217.93,6.31,12.15,59.3,60.55,51.57,63.72,58.87,58.802
217.78,15.97,7.52,55.04,56.05,59.1,51.58,57.97,55.948
217.03,16.71,6.77,58.24,62,58.35,55.58,62.35,59.304
216,6.37,14.26,54.14,66.87,56.09,62.37,52.61,58.416
215.37,8.42,14.53,55.04,59.1,63.72,61.59,49.19,57.728
215.17,17.29,12.33,53.53,54.48,50.56,62.89,56.59,55.61
214.95,23.06,14.79,56.37,47.56,60.58,57.16,62.35,56.804
214.61,15.56,10.56,62.26,69.33,59.1,58.77,60.62,62.016
214.21,13.04,20.71,51.75,43.44,60.74,64.15,61.48,56.312
214.1,18.49,16.92,50.88,67,65.84,54.54,67.8,61.212
213.42,15.57,13.88,57.1,56.85,45.57,59.45,56.43,55.08
212.45,3.52,16.30,50.88,59.43,59.94,62.71,46.41,55.874
212.24,18.42,13.44,68.48,55.04,60.58,55.62,63.63,60.67
212.02,18.32,22.03,63.57,70.06,48.03,60.67,61.1,60.686
211.93,20.2,20.73,69.49,55.66,76.39,57.4,65.92,64.972
211.08,11.74,25.60,60.98,58.67,54.14,73.29,47.69,58.954
210.88,8.88,7.40,63.31,60.12,65.84,58.44,61.99,61.94
210,3.53,22.02,45.9,63.12,66.42,67.92,50.35,58.742
209.96,13.26,13.89,60.98,50.53,64.42,62.87,55.73,58.906
209.71,3.69,7.52,53.01,54.22,58.19,60.53,57.8,56.75
209.64,8.17,6.72,63.31,61.7,61.99,56.59,59.22,60.562
209.48,9.8,13.16,60.98,53.77,60.12,47.82,57.13,55.964
209.33,13.72,9.61,58.24,52.81,53.27,60.67,51.06,55.21
208.22,6.29,10.53,58.65,54.62,48.12,57.14,57.13,55.132
208.19,10.81,14.70,57.59,63.08,50.23,64.93,56.43,58.452
208.08,19.55,5.81,54.28,60.09,59.24,56.82,59.66,58.018
208.07,20.35,19.55,65.79,48.85,55.1,56.17,68.4,58.862
207.84,15.52,18.43,63.1,50.95,48.91,47.14,65.57,55.134
207.49,13.03,13.11,48.42,52.45,61.53,60.55,56.34,55.858
206.9,12.54,16.27,51.42,67.69,66.34,51.74,63.65,60.168
206.42,15.28,15.50,68.49,52.99,54.81,61.45,67.68,61.084
206.37,7.96,5.96,61.84,64.34,59.24,63.88,65.2,62.9
206.28,14.2,31.06,62.66,78.11,53.66,47.05,49.79,58.254
206.09,8.61,15.82,64.86,67.69,51.87,65,60.62,62.008
205.84,13.34,11.76,64.97,66.87,67.38,55.62,64.24,63.816
205.66,6.72,13.32,62.43,55.04,68.36,66.44,62.98,63.05
205.52,10.73,13.39,57.63,50.91,52.25,64.3,57.67,56.552
205.47,10.22,8.45,60.2,62.26,62.78,55.35,54.33,58.984
205.25,9.33,11.84,65.12,59.34,53.86,63.48,53.28,59.016
205.17,16.26,8.23,62.53,66.05,60.12,62.87,57.82,61.878
205.16,8.27,15.05,60.41,45.36,59.43,58.57,58.45,56.444
204.42,7.62,15.61,63.5,55.12,50.55,66.16,53.65,57.796
204.28,9.03,11.99,62.47,53.24,60.53,50.48,52.94,55.932
203.92,18.61,9.96,60.45,66.05,56.09,62.87,62.71,61.634
203.43,20.5,7.20,55.12,56.54,59.24,58.39,62.32,58.322
203.3,13.55,15.23,69.36,60.94,62.31,54.13,68.97,63.142
202.87,16.05,9.26,55.04,53.77,62.86,53.6,60.82,57.218
202.5,4.77,12.50,63.5,64.74,52.24,56.59,53.87,58.188
202.43,6.35,7.72,54.62,54.03,59.08,51.5,59.22,55.69
201.99,13.82,11.67,60.18,60.09,54.81,64.5,52.83,58.482
201.99,12.36,10.34,57.21,62.79,60.76,58.63,52.45,58.368
201.85,16.65,18.88,70.85,69.24,55.66,51.97,53.66,60.276
201.73,15.17,17.32,63.1,62.7,53.24,45.78,61.69,57.302
201.71,11.16,13.10,51.75,57.15,59.91,62.89,49.79,56.298
201.64,7.92,13.89,51.75,63.6,65.64,59.91,58.82,59.944
201.64,5.63,9.06,54.48,53.12,55.66,62.18,57.4,56.568
201.22,17.71,11.36,65.39,62.79,64.15,70.71,59.35,64.478
201.08,5.69,13.29,63.1,59.31,72.6,63.48,63.63,64.424
200.7,14.21,12.61,52.6,60.09,54.13,65.21,61.9,58.786
200.33,7.58,10.01,53.99,55.31,52.34,62.35,55.73,55.944
200.16,23.84,14.03,64.34,57.54,53.68,64.38,50.35,58.058
200.03,21.38,8.50,53.19,57.79,54,61.69,57.33,56.8
199.65,3.94,12.45,49.25,61.19,61.7,55.25,59,57.278
199.46,17.71,13.71,52.6,56.05,60.35,54.35,66.31,57.932
199.23,7.98,5.35,57.17,52.81,56.59,51.98,57.33,55.176
199.07,6.23,11.47,59.35,54.48,56.23,58.21,47.88,55.23
198.86,2.83,14.37,51.66,60.81,46.44,59.74,56.18,54.966
198.84,9.74,11.13,58.65,60.32,51.57,49.19,58.52,55.65
198.67,13.46,9.72,57.05,55.15,59.43,49.71,57.16,55.7
198.4,16.31,17.17,47.77,58.68,64.94,62.19,57.82,58.28
197.62,14.91,6.20,58.57,57.95,64.15,59.34,60.95,60.192
197.44,7.01,8.67,54.03,61.7,58.35,62.7,59.22,59.2
197.06,8.06,6.41,58.65,52.95,58.75,52.34,57.13,55.964
196.96,16.31,4.90,56.02,59.38,56.04,55.52,54.48,56.288
196.18,1.81,8.20,52.9,53.89,54.72,58.63,61.1,56.248
195.92,6.46,9.63,55.04,63.61,55.62,63.4,53.98,58.33
195.6,9.21,10.97,69.36,60.8,64.33,58.39,64.32,63.44
195.4,8.85,20.39,59.31,71.89,59.81,51.5,57.33,59.968
195.09,7.11,23.18,43.44,62.84,63.76,66.62,53.65,58.062
194.8,18.99,21.58,61.79,67.01,63.77,55.29,45.43,58.658
194.58,8.75,19.57,47.47,67.04,57.57,57.76,56.6,57.288
194.56,15.02,13.24,67.81,64.24,55.72,54.57,55.62,59.592
194.36,12.72,6.32,55.66,54.1,56.5,57.4,60.42,56.816
193.56,8.85,16.51,59.94,64.15,51.53,58.21,68.04,60.374
193.16,5.29,10.09,63.16,59.5,53.07,62.37,60.14,59.648
192.99,14.86,17.99,47.63,55.64,65.62,53.65,54.57,55.422
192.77,18.94,27.47,50.32,77.45,49.98,57.8,62.35,59.58
192.38,10.21,10.96,62.53,63.16,64.94,53.98,55.73,60.068
192.35,17.6,16.99,59.3,46.41,51.57,57.65,63.4,55.666
192.09,11.93,15.50,54.28,67.18,66.03,64.66,51.68,60.766
191.95,6.06,18.29,48.02,54.14,64.66,53.65,66.31,57.356
191.82,13.77,11.91,53.11,64.15,52.24,58.21,60.95,57.732
191.65,4.8,12.55,50.99,63.54,53.24,57.58,53.92,55.854
191.36,3.44,15.54,65.39,49.85,64.31,56.59,60.95,59.418
191.06,14.69,8.55,60.37,58.44,51.82,56.59,59.84,57.412
191.04,29.59,8.91,60.09,56.69,51.33,51.18,59.66,55.79
191.03,12.14,7.92,63.54,62.51,59.88,57.76,55.62,59.862
190.62,21.42,10.17,57.15,60.74,50.57,60.05,51.39,55.98
190.59,6.06,10.08,58.51,50.56,60.64,53.87,52,55.116
190.43,2.59,20.61,53.24,46.41,66.63,61.02,67.02,58.864
190.31,12.72,11.74,49.02,60.76,52.24,56.59,58.29,55.38
189.76,5.12,9.16,53.19,57.14,56.18,59.65,62.35,57.702
189.71,7.47,8.00,58.65,53.52,58.19,61.52,53.92,57.16
189.61,7.56,5.99,60.18,60.8,54.81,57.41,57.78,58.196
189.29,16.67,16.96,53.53,54.48,56.23,67.87,50.91,56.604
189.09,3.63,6.88,52.34,58.44,56.18,57.61,59.22,56.758
188.52,12.69,10.04,49.7,59.74,51.09,58.63,56.08,55.048
188.32,17.79,7.87,58.65,51.87,53.19,59.74,54,55.49
188.22,14.96,13.88,52.43,65.23,66.31,59.09,56.43,59.898
187.88,17.29,9.75,57.17,59.17,55.45,49.47,59.22,56.096
187.72,17.08,15.07,51.56,66.63,65.92,59.74,63.61,61.492
187.68,27.64,9.32,60.37,60.74,51.42,55.72,57.76,57.202
187.59,6.47,18.13,50.77,59.88,66.86,48.73,59.75,57.198
187.57,10.17,18.22,56.51,55.4,47.7,65.92,49.98,55.102
187.49,13.4,8.41,55.95,54.99,57.65,63.4,62.32,58.862
187.34,5.53,8.56,58.24,51.29,51.09,59.65,57.96,55.646
187.14,4.84,10.08,60.2,56.22,58.75,66.3,57.13,59.72
186.79,14.95,7.99,60.41,62.14,63.76,62.54,68.4,63.45
186.76,8.92,20.27,47.47,67.74,59.91,62.52,64.13,60.354
186.54,9.11,28.73,69.36,40.63,59.85,53.6,64.3,57.548
185.16,2.09,8.56,64.64,60.58,57.63,58.63,56.08,59.512
185,23.07,6.80,51.83,53.52,58.63,54.57,56.08,54.926
184.68,3.37,26.54,47.71,44.17,70.71,56.59,56.13,55.062
184.33,14.14,13.57,48.97,57.95,59.43,62.54,51.68,56.114
184.29,11.71,12.19,58.24,49.28,48.91,59.65,61.1,55.436
184.11,16.55,16.05,70.5,54.45,58.19,54.57,67.51,61.044
183.74,14.48,7.26,59.94,52.68,55.79,54.15,55.29,55.57
183.24,6.86,11.85,53.19,48.68,60.53,56.59,58.59,55.516
183.09,17.42,6.25,60.37,62.84,58.81,57.23,63.48,60.546
182.93,7.45,11.20,52.34,63.54,53.24,58.57,56.51,56.84
182.5,17.72,8.26,60.2,59.43,53.19,51.94,55.03,55.958
182.39,4.65,13.86,50.38,53.12,64.24,55.66,60.42,56.764
182.25,6.22,12.87,57.68,69,59.83,58.83,56.13,60.294
182.08,4.63,7.02,55.54,54.62,54.03,61.05,54.72,55.992
181.98,15.06,33.19,81.34,48.15,58.19,55.64,51.68,59
181.73,10.16,11.82,51.66,57.25,62.52,56.7,50.7,55.766
181.72,15.44,17.33,61.82,55.84,61.53,44.49,59,56.536
181.36,16.72,17.32,69.24,62.84,64.15,56.95,51.92,61.02
181.03,18.04,26.09,74.94,62.79,48.85,51.42,54.04,58.408
180.89,10.13,12.26,61.51,61.79,61.53,49.53,49.69,56.81
180.86,2.17,14.56,59.3,55.83,59.24,49.76,64.32,57.69
180.76,18.81,12.37,60.04,47.67,55.64,56.6,58.45,55.68
180.5,9.73,15.38,49.02,64.4,61.44,53.12,58.29,57.254
180.41,13.41,6.10,58.06,52.34,58.44,55.45,56.59,56.176
180.13,17.59,21.64,50.2,58.57,71.84,55.79,53.34,57.948
179.39,8.65,10.54,50.2,57.25,60.74,56.23,52.83,55.45
178.09,18.94,15.40,62.66,61.91,62.89,56.59,47.49,58.308
177.82,8.37,18.59,69.07,63.31,53.24,63.44,50.48,59.908
177.33,11.98,10.19,52.31,53.75,55.1,54.57,62.5,55.646
177.12,16.44,14.02,52.9,52.1,56.18,63.72,66.12,58.204
176.12,14.03,13.90,55.12,59.24,52.2,61.59,47.69,55.168
174.24,7.61,17.42,53.12,46.06,58.81,57.23,63.48,55.74
172.61,2.72,8.85,52.7,55.83,61.53,52.68,53.65,55.278
172.42,4.33,13.47,60.2,61.5,51.5,48.03,53.27,54.9
172.34,22.55,3.85,58.39,56.04,54.77,55.29,54.54,55.806
172.22,9.79,15.25,57.21,51.5,46.76,59.91,62.01,55.478
172.21,11.91,8.16,51.75,59.91,54.81,52.95,59.02,55.688
169.55,18.41,7.54,53.53,55.83,54.1,59.54,52,55
169.21,8.28,21.52,66.01,54.14,55.25,44.49,60.33,56.044
167.17,4.87,14.43,56.34,64.41,54.58,49.98,53.65,55.792
165.72,12.93,9.83,59.94,59.57,54.81,50.11,54.96,55.878
165.09,10.5,18.89,69.98,59.74,51.09,57.61,62.35,60.154
161.45,4.66,6.88,55.54,52.34,54.72,56.59,59.22,55.682
158.6,17.35,11.37,53.01,53.05,64.38,62.01,54.63,57.416
256.27,,10.91,50.88,45.12,51.31,56.03,52.93,51.254
169.35,,4.62,33.34,31.63,32.75,35.38,36.25,33.87
224.32,,9.48,42.72,47.66,39.21,48.69,46.04,44.864
244.58,,8.29,47.63,49.7,52.1,43.81,51.34,48.916
238.39,,10.21,51.42,52.13,41.92,47.49,45.43,47.678
207.59,,12.02,41.06,33.82,45.84,45.59,41.28,41.518
158.32,,19.20,23.1,30.2,42.3,26.57,36.15,31.664
261.96,,10.74,57.1,46.36,52.34,56.72,49.44,52.392
259.01,,8.38,53.68,50.77,46.45,53.28,54.83,51.802
230.01,,8.93,41.55,45.59,43.48,48.91,50.48,46.002
164.4,,13.23,27.57,37,39.84,26.61,33.38,32.88
225.74,,7.29,47.58,41.27,48.56,42.13,46.2,45.148
247.06,,13.38,52.99,46.5,41.92,55.3,50.35,49.412
183.35,,15.63,36.9,39.91,43.01,27.38,36.15,36.67
246.37,,19.18,39.47,41.83,58.65,53.97,52.45,49.274
256.34,,11.90,51.83,46.73,47.46,58.63,51.69,51.268
212.27,,8.49,38.56,46.6,39.71,40.35,47.05,42.454
263.68,,6.46,49.37,55.83,49.85,54.15,54.48,52.736
243.2,,11.72,44.36,41.55,51.5,53.27,52.52,48.64
247.99,,7.60,47,48.43,51.5,46.73,54.33,49.598
187.35,,15.43,34.18,46.5,39.35,36.25,31.07,37.47
218.23,,11.85,46.88,43.05,38,49.85,40.45,43.646
203.47,,9.11,43.31,44.49,44.04,35.38,36.25,40.694
224.42,,6.47,42.55,43.05,43.96,45.84,49.02,44.884
229.31,,7.63,46.5,42.18,42.37,48.45,49.81,45.862
211.62,,9.74,45.12,40.28,38.76,38.96,48.5,42.324
242.91,,10.94,41.89,45.18,50.56,52.45,52.83,48.582
206.17,,15.84,32.5,40.56,45.06,48.34,39.71,41.234
261.5,,13.16,51.75,45.05,58.21,51.53,54.96,52.3
145.79,,6.70,30.81,32.07,28.48,25.37,29.06,29.158
248.91,,14.82,40.9,50.25,55.72,50.7,51.34,49.782
231.42,,12.10,47.56,48.57,50.36,38.26,46.67,46.284
250.14,,5.18,50.1,46.36,51.5,50.64,51.54,50.028
269.47,,6.79,51.42,53.77,52.2,58.21,53.87,53.894
224.61,,18.66,34.29,52.95,44.04,44.83,48.5,44.922
244.26,,5.41,51.77,49.9,46.41,49.82,46.36,48.852
247.63,,18.05,47.71,59.38,51.33,41.33,47.88,49.526
265.09,,11.56,50.38,51.42,47.98,55.77,59.54,53.018
265.16,,13.37,46.67,46.06,59.43,59.35,53.65,53.032
269.51,,10.25,48.97,57.17,52.81,51.34,59.22,53.902
235.3,,11.07,46.22,46.02,52.13,49.87,41.06,47.06
197.15,,13.32,30.83,41.27,41.03,44.15,39.87,39.43
262.01,,20.50,41.02,56.5,54.77,48.2,61.52,52.402
236.6,,15.59,45.89,39.71,51.33,55.3,44.37,47.32
246.29,,8.37,47.63,53.12,44.75,48.34,52.45,49.258
259.57,,14.04,49.02,44.25,52.35,55.66,58.29,51.914
262.7,,14.28,47.63,47.86,61.91,52.67,52.63,52.54
223.45,,14.03,43.11,48.85,51.18,37.15,43.16,44.69
255.68,,11.98,56.79,44.81,51.33,46.41,56.34,51.136
227.76,,5.39,44.27,44.66,43.34,48.73,46.76,45.552
262.19,,5.98,49.33,55.31,52.34,51.94,53.27,52.438
170.67,,6.70,34.18,37.66,30.96,35.94,31.93,34.134
198.01,,14.74,42.93,38.2,38.28,31.93,46.67,39.602
269.47,,15.83,49.02,64.74,55.08,51.72,48.91,53.894
266.7,,8.37,57.1,48.73,52.56,53.98,54.33,53.34
172.6,,4.96,35.52,36.89,32.32,35.94,31.93,34.52
223.57,,15.54,53.12,41.16,43.96,37.58,47.75,44.714
252.67,,23.41,65.39,44.63,44.88,55.79,41.98,50.534
255.08,,26.90,49.05,46.63,42.56,69.46,47.38,51.016
262.89,,7.35,50.99,49.7,57.05,52.52,52.63,52.578
138.55,,12.14,27.57,27.1,28.72,33.65,21.51,27.71
165.18,,9.75,36.04,28.72,28.51,33.65,38.26,33.036
243.33,,9.00,51.86,49.14,52.24,46.85,43.24,48.666
205.66,,7.82,39.23,47.05,39.69,40.22,39.47,41.132
252.03,,8.57,54.14,45.57,51.57,47.82,52.93,50.406
153.72,,10.11,26.78,36.89,30.9,31.93,27.22,30.744
262.33,,12.50,57.63,45.13,49.55,54.35,55.67,52.466
232.78,,8.53,46.04,52.28,45.65,45.06,43.75,46.556
258.24,,6.90,48.28,53.75,53.97,47.67,54.57,51.648
230.86,,4.52,46.29,45.59,46.56,48.47,43.95,46.172
269.02,,8.53,50.99,48.63,55.64,56.6,57.16,53.804
254.66,,14.29,58.24,52.1,43.95,47.43,52.94,50.932
221.4,,10.24,44.23,41.41,40.11,45.3,50.35,44.28
268.35,,11.05,54.14,49.63,52.32,51.58,60.68,53.67
251.21,,13.37,50.38,57.15,43.78,47.98,51.92,50.242
264.14,,27.14,66.83,44.88,54.96,39.69,57.78,52.828
217.97,,15.30,46.28,44.66,33.43,48.73,44.87,43.594
256.89,,17.52,49.7,59.17,56.9,49.47,41.65,51.378
235.34,,13.40,47,51.18,38.84,46.08,52.24,47.068
208.55,,22.39,36.9,57.25,34.86,39.91,39.63,41.71
224.61,,13.21,50.93,43.11,50.27,42.58,37.72,44.922
231.5,,7.07,48.73,48.03,45.55,47.53,41.66,46.3
206.19,,10.94,37.73,48.02,38.78,37.08,44.58,41.238
253.78,,13.80,52.31,43.96,52,57.76,47.75,50.756
239.47,,10.62,48.97,52.9,47.86,47.46,42.28,47.894
250.16,,7.81,53.24,50.65,45.43,50.36,50.48,50.032
264.98,,13.10,57.63,45.77,53.83,48.88,58.87,52.996
264.03,,19.54,59.63,45.65,42.78,53.65,62.32,52.806
178.08,,17.89,36.99,30.2,36.62,28.19,46.08,35.616
179.28,,18.88,36.07,42.04,43.01,24.13,34.03,35.856
174.42,,13.75,38.1,38.6,32.07,25.95,39.7,34.884
163.85,,9.82,38.88,33.02,30.96,29.06,31.93,32.77
185.04,,10.99,42.92,39.06,37.15,33.98,31.93,37.008
254.34,,9.09,55.94,50.06,46.85,54.35,47.14,50.868
248.18,,7.93,49.33,43.94,51.87,51.5,51.54,49.636
264.86,,6.22,51.86,52.68,57.4,51.74,51.18,52.972
250.22,,13.51,53.11,50.7,49.72,41.59,55.1,50.044
263.63,,14.15,57.63,52.45,43.48,57.06,53.01,52.726
232.87,,14.52,49.25,53.48,44.15,38.96,47.03,46.574
258.79,,7.04,56.02,49.44,49.05,48.98,55.3,51.758
156.41,,12.80,24.09,36.89,34.44,29.06,31.93,31.282
234.82,,12.69,40.69,42.48,53.38,50.68,47.59,46.964
217.98,,10.58,45.44,36.56,45.68,47.14,43.16,43.596
221.76,,13.89,41.51,44.04,40.78,40.77,54.66,44.352
197.93,,7.36,35.01,38.79,41.41,40.35,42.37,39.586
226.45,,11.95,53.11,42.64,41.16,42.93,46.61,45.29
198.17,,13.07,34.18,39.38,47.05,33.98,43.58,39.634
242.77,,5.63,48.63,45.43,48.18,49.47,51.06,48.554
204.86,,7.99,43.11,41.48,44.3,36.31,39.66,40.972
249.56,,9.17,46.92,56.09,48.88,47.11,50.56,49.912
255.42,,22.90,66.01,43.11,52.9,47.7,45.7,51.084
243.04,,7.86,52.9,45.04,48.18,51.5,45.42,48.608
251.37,,13.33,50.88,51.87,48.97,56.49,43.16,50.274
226.73,,14.93,54.28,49.9,39.35,43.49,39.71,45.346
106.84,,17.97,12.04,30.01,23.66,26.61,14.52,21.368
269.25,,14.74,53.24,47.2,60.37,46.85,61.59,53.85
260.22,,9.27,54.36,45.36,53.24,54.63,52.63,52.044
223.2,,11.01,43.11,38.8,49.81,44.13,47.35,44.64
242.49,,8.53,49.02,49.09,47.01,52.95,44.42,48.498
231.01,,17.89,55.95,43.11,38.06,46.2,47.69,46.202
196.91,,5.55,35.47,40.22,40.92,39.28,41.02,39.382
189.98,,18.14,35.34,44.75,42.92,26.61,40.36,37.996
190.34,,9.44,42.55,33.11,34.62,40.35,39.71,38.068
212.13,,4.78,42.41,41.27,45.55,42.13,40.77,42.426
252.37,,10.61,51.43,55.4,44.79,47.82,52.93,50.474
267.33,,16.62,54.36,63.78,50.69,51.34,47.16,53.466
170.63,,11.05,33.98,34.62,27.21,36.56,38.26,34.126
267.43,,13.86,48.73,60.09,56.04,46.23,56.34,53.486
257.76,,14.04,60.37,51.65,46.33,50.15,49.26,51.552
256.61,,13.82,49.33,59.5,45.68,50.56,51.54,51.322
264.94,,11.74,49.25,55.33,49.55,49.82,60.99,52.988
240.54,,17.54,49.37,57.25,39.71,52.11,42.1,48.108
245.85,,11.11,46.29,47.17,46.3,48.69,57.4,49.17
262.38,,7.58,53.99,48.85,51.87,51.24,56.43,52.476
254.67,,9.14,53.24,47.7,56.84,48.88,48.01,50.934
251.43,,11.95,55.19,48.43,50.09,43.24,54.48,50.286
255.84,,8.45,47.63,49.7,47.86,54.57,56.08,51.168
201.7,,5.76,43.56,37.8,38.69,40.88,40.77,40.34
231.35,,18.23,44.36,39.38,40.19,57.61,49.81,46.27
266.8,,12.32,54.28,55.84,48.34,48.01,60.33,53.36
268.47,,13.35,49.02,59.91,46.56,54.15,58.83,53.694
268.3,,15.00,48.21,62.05,57.6,53.39,47.05,53.66
229.48,,9.17,45.44,47.21,42.92,42.37,51.54,45.896
188.51,,25.53,36.19,32.07,29.1,36.52,54.63,37.702
252.59,,9.64,55.94,46.3,51.58,51.63,47.14,50.518
263.28,,9.88,58.06,49.81,50.64,48.18,56.59,52.656
256.05,,8.66,47.77,50.53,48.03,53.29,56.43,51.21
251.3,,15.22,44.27,59.06,55.4,43.84,48.73,50.26
261.88,,9.48,47.58,54.77,51.57,50.9,57.06,52.376
159.61,,8.99,27.44,34.62,36.43,31.38,29.74,31.922
258.13,,9.86,49.65,52.1,50.32,48.1,57.96,51.626
230.89,,20.33,52.34,50.69,45.81,32.01,50.04,46.178
228.85,,6.63,45.61,44.66,42.1,48.73,47.75,45.77
200.47,,8.84,42.55,43.11,34.86,36.25,43.7,40.094
247.02,,10.20,54.14,43.94,52.32,45.08,51.54,49.404
233.81,,7.83,41.72,46.41,49.55,47.11,49.02,46.762
236.7,,15.70,51.03,50.15,42.26,38.78,54.48,47.34
266.57,,15.36,47.66,52.68,47.14,56.59,62.5,53.314
169.49,,8.97,37.8,32.07,38.69,29.72,31.21,33.898
196.81,,12.62,45.61,37.96,37.97,32.99,42.28,39.362
242.16,,5.94,46.44,51.94,46,50.48,47.3,48.432
265.61,,8.45,56.55,52.1,53.24,55.62,48.1,53.122
251.45,,10.36,50.93,47.31,47.35,48.19,57.67,50.29
247.59,,6.30,49.37,47.01,52.53,52.45,46.23,49.518
246.01,,13.90,51.03,43.05,45.84,49.14,56.95,49.202
265.74,,6.75,52.43,52.33,50.65,57.4,52.93,53.148
261.81,,10.98,53.93,51.5,58.44,47.46,50.48,52.362
239.32,,11.08,54.28,43.2,44.04,48.88,48.92,47.864
264.36,,12.16,53.44,58.34,46.18,50.73,55.67,52.872
166.44,,13.73,36.9,27.86,41.59,28.19,31.9,33.288
168.74,,13.25,38.56,25.31,34.62,37.22,33.03,33.748
267.55,,20.70,55.84,47.17,67.87,48.47,48.2,53.51
262.05,,15.40,50.2,50.56,62.89,50.91,47.49,52.41
211.07,,16.31,50.93,34.62,46.85,38.96,39.71,42.214
248.96,,10.89,44.3,50.65,55.19,45.28,53.54,49.792
154.07,,12.84,29.42,33.82,29.37,24.31,37.15,30.814
236.5,,34.50,55.83,68.58,34.08,39.63,38.38,47.3
255.2,,6.61,50.38,50.7,50.57,55.08,48.47,51.04
229.48,,11.42,39.23,43.12,48.43,50.65,48.05,45.896
228.35,,13.21,46.92,42.53,44.15,40.77,53.98,45.67
211.3,,9.11,36.74,41.83,42.93,45.85,43.95,42.26
242.91,,11.22,47.63,43.26,54.48,52.67,44.87,48.582
265.75,,15.59,56.34,55.66,61.14,47.06,45.55,53.15
260.13,,6.40,49.33,51.18,50.65,53.24,55.73,52.026
123.43,,8.55,23.46,30.01,21.46,21.89,26.61,24.686
241.04,,26.98,42.55,66.03,44.49,48.92,39.05,48.208
252.86,,10.41,45.43,55.84,50.36,54.56,46.67,50.572
259.34,,38.83,68.44,63.54,47.05,29.61,50.7,51.868
241.58,,8.73,50.38,47.17,43.01,49.28,51.74,48.316
244.96,,13.19,45.61,52.9,49.98,41.64,54.83,48.992
185.28,,13.23,35.34,43.31,43.94,30.71,31.98,37.056
263.87,,7.66,52.43,56.85,49.67,49.19,55.73,52.774
163.74,,4.47,34.41,34.95,31.65,32.25,30.48,32.748
217.95,,12.56,46.88,41.33,35.91,48.47,45.36,43.59
227.94,,12.17,47.66,47.47,43.26,38.69,50.86,45.588
238.96,,14.00,43.59,47.16,47.05,57.58,43.58,47.792
219.42,,16.70,45.21,49.9,50.55,39.91,33.85,43.884
246.03,,5.53,50.32,48.85,45.81,49.71,51.34,49.206
241.25,,7.24,46.5,53.24,46,49.47,46.04,48.25
236.51,,10.58,50.77,46.45,50.65,40.19,48.45,47.302
221.52,,17.59,35.34,43.12,39.48,50.65,52.93,44.304
235.6,,12.58,43.11,40.66,53.24,51.24,47.35,47.12
238.31,,11.04,54.48,43.44,43.96,47.17,49.26,47.662
237.25,,11.35,43.31,47.8,46.18,45.3,54.66,47.45
254.84,,8.76,50.88,45.57,52.56,51.5,54.33,50.968
231.97,,20.27,55.12,50.75,39.57,34.85,51.68,46.394
223,,13.12,39.47,39.41,51.42,40.17,52.53,44.6
198.39,,10.75,36.89,42.21,40.3,44.87,34.12,39.678
247.35,,11.99,44.22,48.03,44.04,56.03,55.03,49.47
171.93,,8.32,32.5,38.06,35.38,36.25,29.74,34.386
222.52,,13.92,52.7,42.34,49.9,38.78,38.8,44.504
239.35,,18.48,48.97,40.09,43.62,58.57,48.1,47.87
254.75,,7.49,53.93,46.44,53.24,49.64,51.5,50.95
219.9,,16.52,42.55,38.06,54.58,42.13,42.58,43.98
206.4,,13.07,38.88,44.66,47.05,41.83,33.98,41.28
249.22,,12.17,56.54,50.75,51.33,46.23,44.37,49.844
195.43,,13.36,43.56,39.41,42.56,30.2,39.7,39.086
260.13,,7.90,53.97,50.36,54.56,54.57,46.67,52.026
254.47,,8.35,47,51.18,51.5,55.35,49.44,50.894
244.59,,7.77,49.63,53.07,50.23,45.3,46.36,48.918
242.45,,12.42,44.27,42.21,53.24,54.63,48.1,48.49
215.82,,10.70,39.23,42.3,47.05,48.97,38.27,43.164
232.07,,17.43,37.9,55.33,45.5,46.2,47.14,46.414
204.84,,13.25,36.9,40.21,34.95,48.2,44.58,40.968
208.16,,6.02,39.02,45.04,43.36,40.34,40.4,41.632
247.59,,17.54,55.54,51.87,38,46.73,55.45,49.518
233.06,,7.34,44.93,42.75,46.56,50.09,48.73,46.612
266.05,,10.92,44.94,55.15,54.48,55.62,55.86,53.21
254.03,,5.13,51.43,51.31,47.8,50.56,52.93,50.806
221.47,,8.47,49.25,44.49,40.78,42.58,44.37,44.294
255.97,,8.48,50.2,55.83,47.35,49.76,52.83,51.194
239.81,,14.64,41.02,41.16,55.66,53.24,48.73,47.962
172.05,,7.27,36.89,34.44,31.47,38.26,30.99,34.41
248.2,,17.68,48.97,37.96,55.64,53.65,51.98,49.64
129.67,,14.79,23.46,21.46,21.89,36.25,26.61,25.934
249.4,,10.89,53.53,56.54,45.65,46.63,47.05,49.88
265.66,,23.71,45.21,57.96,68.29,49.62,44.58,53.132
255.15,,3.94,50.38,52.31,49.72,49.4,53.34,51.03
143.59,,18.99,36.89,30.9,17.9,31.93,25.97,28.718
244.05,,3.53,47,50.53,47.21,49.87,49.44,48.81
247.23,,6.64,45.9,48.34,51.57,48.88,52.54,49.446
203.7,,14.35,46.28,45.04,34.67,45.78,31.93,40.74
248.87,,11.98,44.36,46.45,56.34,51.68,50.04,49.774
224.59,,8.26,43.11,45.57,41.55,49.81,44.55,44.918
202.87,,12.78,46.92,42.53,42.13,37.15,34.14,40.574
231.66,,6.95,44.23,43.96,48.19,50.91,44.37,46.332
254.33,,7.58,54.36,52.28,50.56,46.78,50.35,50.866
168.45,,19.80,34.18,32.07,28.48,26.96,46.76,33.69
217.2,,6.58,40.09,42.21,43.36,44.87,46.67,43.44
257.46,,12.63,47.74,54.03,46,58.63,51.06,51.492
127.94,,18.55,17.64,36.19,21.71,28.1,24.3,25.588
258.69,,9.01,50.32,48.15,51.38,51.68,57.16,51.738
158.73,,9.04,36.89,34.44,31.47,28.08,27.85,31.746
254.16,,23.36,49.02,38.6,47.17,61.96,57.41,50.832
268.81,,4.49,55.54,52.56,52.34,51.94,56.43,53.762
191.5,,12.66,30.83,38.86,41.27,43.49,37.05,38.3
213.32,,18.14,43.26,50.15,46.07,41.83,32.01,42.664
242.62,,9.91,48.63,50.69,53.27,43.36,46.67,48.524
251.79,,7.40,47.71,53.7,52.9,46.3,51.18,50.358
259.05,,4.38,50.88,51.31,51.18,50.65,55.03,51.81
261.75,,9.43,54.48,50.57,46.56,54.15,55.99,52.35
183.76,,20.73,39.41,32.07,33.43,49.79,29.06,36.752
249.46,,3.02,50.53,48.56,51.58,48.92,49.87,49.892
231.06,,21.45,39.2,48.73,55.84,52.9,34.39,46.212
246.78,,14.40,54.62,50.65,40.22,51.82,49.47,49.356
242.23,,13.34,46.22,53.24,48.85,40.29,53.63,48.446
191.27,,7.75,35.95,34.62,40.35,37.98,42.37,38.254
256.73,,7.57,48.54,49.14,55.08,55.77,48.2,51.346
261.88,,12.43,49.02,45.86,53.05,55.66,58.29,52.376
242.14,,11.96,47.66,48.28,41.16,53.12,51.92,48.428
268.28,,17.28,52.34,55.64,59.24,41.96,59.1,53.656
223.49,,7.46,43.59,45.48,47.86,40.4,46.16,44.698
247.55,,24.42,45.43,37.57,61.99,51.5,51.06,49.51
180.31,,5.35,36.89,33.72,38.01,33.17,38.52,36.062
254.83,,8.88,52.33,55.33,50.9,49.82,46.45,50.966
248.51,,11.66,49.25,56.69,46.63,50.91,45.03,49.702
261.78,,8.15,57.68,52.28,51.97,50.32,49.53,52.356
194.85,,8.77,41.06,34.95,43.72,35.49,39.63,38.97
258.05,,10.07,57.21,54.73,50.95,48.02,47.14,51.61
269.05,,12.17,60.2,48.03,51.18,57.4,52.24,53.81
251.52,,11.73,56.79,54.99,45.06,48.98,45.7,50.304
228.29,,14.29,37.54,51.83,45.04,45.78,48.1,45.658
194.5,,22.49,34.44,52.95,41.92,34.73,30.46,38.9
170.93,,11.51,36.9,38.08,31.4,26.57,37.98,34.186
246.86,,10.05,46.29,56.34,47.17,47.27,49.79,49.372
219.2,,12.01,37.54,49.55,47.05,38.9,46.16,43.84
267.91,,9.89,60.37,52.1,53.27,50.48,51.69,53.582
236.11,,14.43,50.93,54.14,45.13,46.2,39.71,47.222
225.9,,19.83,44.38,33.82,43.49,50.56,53.65,45.18
237.87,,14.67,37.15,50.64,51.82,48.45,49.81,47.574
238.39,,33.14,65.39,50.7,46.33,43.72,32.25,47.678
254.05,,7.01,50.77,54.93,48.45,51.98,47.92,50.81
238.84,,19.67,40.9,46.76,40.86,49.79,60.53,47.768
240.43,,14.36,39.99,51.57,44.83,54.35,49.69,48.086
155.22,,11.41,27.19,38.6,30.2,30.23,29,31.044
195.38,,7.08,42.55,38.06,42.8,36.25,35.72,39.076
267.7,,6.85,53.53,52.99,50.75,57.6,52.83,53.54
209.79,,12.46,47.66,47.17,43.46,35.2,36.3,41.958
213.04,,14.08,44.27,37.96,42.21,51.34,37.26,42.608
262.65,,8.44,47.74,50.65,54.54,56.18,53.54,52.53
248.49,,12.66,50.2,49.85,42.3,54.96,51.18,49.698
215.29,,9.37,38.1,40.9,47.47,43.95,44.87,43.058
257.37,,14.52,52.43,41.51,53.77,56.03,53.63,51.474
254.42,,7.92,49.25,47.7,49.31,55.62,52.54,50.884
212.09,,17.95,32.4,47.35,44.27,50.35,37.72,42.418
265.7,,11.36,47.71,47.66,58.36,52.95,59.02,53.14
257.48,,15.22,48.28,44.66,51.42,53.24,59.88,51.496
211.15,,9.87,38.88,36.89,45.04,46.76,43.58,42.23
213.01,,14.07,37,34.85,44.04,48.2,48.92,42.602
240.51,,10.88,48.73,54.59,44.04,43.71,49.44,48.102
268.7,,12.48,57.1,53.24,56.56,44.66,57.14,53.74
121.88,,20.97,17.64,36.99,21.71,29.52,16.02,24.376
257.8,,10.06,53.53,55.12,45.06,51.26,52.83,51.56
268.99,,7.11,54.36,52.9,50.69,53.24,57.8,53.798
227.39,,9.92,40.23,45.74,50.15,43.81,47.46,45.478
256.46,,11.06,47,51.31,58.06,50.65,49.44,51.292
268.68,,18.81,47.82,66.63,48.88,56.16,49.19,53.736
254.56,,20.98,49.02,58.76,49.72,38.04,59.02,50.912
190.48,,15.18,40.9,32.07,31.58,39.17,46.76,38.096
247.58,,8.14,45.43,45.74,51.5,51.34,53.57,49.516
257.01,,6.76,48.73,52.95,54.58,47.82,52.93,51.402
210.81,,8.24,44.23,44.49,42.8,36.25,43.04,42.162
231.27,,13.77,44.67,41.55,52.34,53.24,39.47,46.254
246.65,,21.39,47.66,56.34,35.2,56.59,50.86,49.33
234.47,,11.88,38.88,46.06,50.76,48.73,50.04,46.894
120.35,,9.56,27.57,23.66,24.5,26.61,18.01,24.07
243.38,,17.99,56.85,50.86,38.86,49.76,47.05,48.676
268.43,,17.02,51.75,54.1,44.43,61.45,56.7,53.686
152.85,,13.50,37.8,32.07,30.2,28.48,24.3,30.57
223.42,,18.87,55.12,39.7,51.57,40.78,36.25,44.684
262.44,,7.33,53.19,57.14,51.82,50.48,49.81,52.488
266.36,,11.75,47,52.95,58.75,51.93,55.73,53.272
229.38,,13.36,46.92,47.7,52.32,43.48,38.96,45.876
215.41,,4.14,44.23,45.18,42.26,42.7,41.04,43.082
238.71,,12.42,53.53,47.72,48.47,41.11,47.88,47.742
269.32,,17.84,49.02,45.05,55.66,62.89,56.7,53.864
245.81,,9.88,47.77,55.31,50.65,45.43,46.65,49.162
157.69,,7.36,34.57,32.51,32.92,30.48,27.21,31.538
168.24,,15.92,27.98,35.74,42.53,35.38,26.61,33.648
164.89,,6.26,29.99,34.62,31.63,36.25,32.4,32.978
247.97,,16.80,51.86,57.25,52.11,46.3,40.45,49.594
269.63,,10.52,49.02,53.97,52.95,54.15,59.54,53.926
269.48,,16.68,45.86,57.25,55.1,62.54,48.73,53.896
257.94,,14.41,61.08,49.7,47.86,52.63,46.67,51.588
228.11,,12.84,49.81,36.97,47.46,48.45,45.42,45.622
245.95,,16.97,45.9,55.83,38.86,53.68,51.68,49.19
225.35,,12.35,39.39,42.75,44.42,51.74,47.05,45.07
244.55,,8.83,47.66,45.86,53.97,45.14,51.92,48.91
267.46,,8.92,49.65,50.95,56.95,58.57,51.34,53.492
240.27,,19.36,45.43,37.97,46,53.54,57.33,48.054
229.95,,10.96,45.44,51.18,50.65,40.22,42.46,45.99
240.49,,3.99,47.17,48.85,48.34,50.06,46.07,48.098
268.7,,11.99,53.24,59.1,52.25,47.11,57,53.74
256.92,,14.12,49.33,43.94,58.06,50.56,55.03,51.384
232.14,,10.25,50.53,49.63,40.28,45.5,46.2,46.428
249.72,,15.18,50.93,58.67,51.6,43.49,45.03,49.944
259.7,,10.14,51.43,58.34,48.2,52.54,49.19,51.94
137.59,,9.20,29.42,22.18,24.13,30.48,31.38,27.518
211.59,,15.03,46.96,46.06,40.86,45.78,31.93,42.318
239.49,,17.45,49.37,49.14,52.95,52.53,35.5,47.898
243.94,,8.79,49.25,52.28,49.9,43.49,49.02,48.788
259.07,,8.56,51.18,47.28,55.84,53.27,51.5,51.814
260.15,,8.17,47.77,55.94,48.85,55.35,52.24,52.03
239.81,,5.35,45.21,50.56,47.98,49.28,46.78,47.962
260.85,,14.89,59.94,45.05,53.05,51.42,51.39,52.17
264.92,,8.83,48.97,52.1,56.34,49.71,57.8,52.984
123.75,,12.00,27.57,30.01,23.66,24.5,18.01,24.75
229.5,,5.30,45.9,44.81,47.41,48.34,43.04,45.9
222.27,,10.71,44.22,39.52,50.23,48.01,40.29,44.454
218.22,,14.65,44.93,49.09,34.44,43.72,46.04,43.644
233.38,,11.99,42.23,54.22,43.36,50.04,43.53,46.676
207.52,,14.98,39.23,37.42,50.65,35.67,44.55,41.504
213.68,,10.94,41.06,43.56,46.3,35.91,46.85,42.736
219.18,,14.15,40.83,47.47,41.59,51.72,37.57,43.836
204.79,,12.06,39.7,43.94,35.76,47.82,37.57,40.958
187.29,,10.73,40.23,43.76,34.62,35.65,33.03,37.458
211.19,,4.85,43.56,42.04,38.75,43.6,43.24,42.238
264.25,,17.24,39.99,55.65,55.66,55.72,57.23,52.85
189.82,,15.03,46.96,36.89,35.14,38.9,31.93,37.964
210.45,,12.39,50.65,40.22,40.92,38.26,40.4,42.09
263.47,,7.59,56.02,51.75,52.31,48.43,54.96,52.694
124.74,,13.57,23.66,24.5,27.21,31.47,17.9,24.948
216.13,,11.18,43.11,46.92,35.74,43.71,46.65,43.226
269.47,,11.60,59.3,47.7,53.83,51.58,57.06,53.894
238.78,,6.20,44.66,45.04,50.76,50.86,47.46,47.756
266.88,,4.74,50.93,52.45,53.48,54.35,55.67,53.376
268.34,,14.79,50.38,47.58,57.92,50.09,62.37,53.668
152.36,,13.80,22.45,25.22,35.38,36.25,33.06,30.472
195.89,,19.27,39.41,47.45,28.48,32.8,47.75,39.178
251.42,,22.13,61.84,41.63,39.71,52.11,56.13,50.284
188.66,,9.57,36.87,37.96,41.5,31.93,40.4,37.732
225.94,,13.03,42.92,50.65,37.62,45.28,49.47,45.188
174.8,,15.51,36.89,32.32,34.38,43.36,27.85,34.96
248.7,,17.44,57.1,48.85,47.74,55.35,39.66,49.74
261.66,,17.44,40.88,53.24,57.59,58.32,51.63,52.332
250.56,,14.55,57.25,56.69,42.7,46.23,47.69,50.112
259.02,,11.92,47.63,49.7,52.1,59.55,50.04,51.804
255.74,,12.61,50.93,47.8,55.62,44.39,57,51.148
214.51,,17.23,40.86,36.31,45.28,53.54,38.52,42.902
256.96,,20.56,61.84,49.44,52.68,51.72,41.28,51.392
265.46,,22.08,56.79,65.12,48.88,51.63,43.04,53.092
261.4,,11.97,57.68,59.38,49.05,47.41,47.88,52.28
192.39,,14.88,43.56,32.07,43.72,43.96,29.08,38.478
253.81,,15.88,53.11,52.27,42.04,57.92,48.47,50.762
251.09,,7.32,45.21,51.97,52.53,51.03,50.35,50.218
187.1,,12.00,42.2,41.02,30.2,38.75,34.93,37.42
195.46,,14.48,37.96,45.04,46.41,31.93,34.12,39.092
193.86,,9.46,39.23,34.67,35.47,44.13,40.36,38.772
257.13,,8.00,51.43,48.03,50.06,51.58,56.03,51.426
205.67,,15.54,34.44,43.12,41.27,36.86,49.98,41.134
208,,21.50,41.06,33.11,52.9,31.4,49.53,41.6
199.24,,8.48,35.34,42.24,36.31,41.53,43.82,39.848
246.7,,10.23,54.48,44.25,46.76,51.42,49.79,49.34
237.13,,7.72,44.27,43.62,50.15,47.75,51.34,47.426
248.12,,6.54,47,47.05,51.09,53.54,49.44,49.624
265.7,,14.29,48.02,48.2,62.31,52.83,54.34,53.14
245.6,,12.08,47.77,55.94,52.95,45.08,43.86,49.12
253.73,,12.72,45.9,58.62,50.06,50.23,48.92,50.746
244.94,,11.72,47.63,55.66,43.94,45.77,51.94,48.988
217.43,,13.34,41.06,47.72,40.17,50.91,37.57,43.486
262.58,,5.70,49.33,52.95,54.62,50.65,55.03,52.516
245.91,,14.50,56.85,47.8,50.9,48.01,42.35,49.182
181.11,,8.97,40.9,36.89,39.38,32.01,31.93,36.222
258.52,,10.78,45.21,55.83,47.01,55.99,54.48,51.704
261.48,,10.92,46.29,55.54,53.97,57.21,48.47,52.296
229.97,,11.02,42.24,42.22,53.24,43.82,48.45,45.994
264.98,,18.64,47,44.22,53.77,62.86,57.13,52.996
175.09,,6.33,36.89,35.14,38.26,31.93,32.87,35.018
253.56,,11.79,56.85,47.31,45.06,54.81,49.53,50.712
149.3,,16.69,32.49,38.2,30.49,26.61,21.51,29.86
131.62,,8.03,28.59,22.45,25.97,24.13,30.48,26.324
255.72,,10.61,47.66,45.05,55.66,54.37,52.98,51.144
228.39,,13.72,38.56,52.28,43.96,48.19,45.4,45.678
257.91,,13.93,46.29,59.07,45.14,54.96,52.45,51.582
260.86,,11.17,49.09,60.04,48.87,52,50.86,52.172
254.12,,12.76,49.65,52.9,45.04,48.73,57.8,50.824
184.08,,11.84,40.53,42.83,31.47,38.26,30.99,36.816
250.17,,13.30,52.33,57.34,44.04,44.83,51.63,50.034
259.61,,14.69,49.02,47.17,60.76,56.59,46.07,51.922
153.05,,11.89,36.19,32.07,28.48,24.3,32.01,30.61
253.32,,8.34,47.63,50.77,55.64,51.98,47.3,50.664
251.82,,10.65,45.43,47.86,48.91,53.54,56.08,50.364
245.54,,4.45,47.05,51.5,48.03,47.46,51.5,49.108
263.32,,7.82,54.77,52.33,47.21,53.98,55.03,52.664
258.05,,9.36,56.85,49.85,52.95,50.91,47.49,51.61
205.8,,12.68,43.56,38.6,45.36,45.48,32.8,41.16
236.36,,21.37,54.36,49.28,45.81,32.99,53.92,47.272
243.77,,8.05,45.77,45.55,51.74,53.6,47.11,48.754
269.53,,11.83,51.83,60.58,53.54,48.75,54.83,53.906
222.11,,11.18,47,40.86,50.65,44.13,39.47,44.422
200.08,,47.19,39.7,9.53,53.07,56.72,41.06,40.016
245.72,,20.64,45.07,53.48,60.35,47.11,39.71,49.144
233.94,,7.44,45.9,48.02,43.11,50.55,46.36,46.788
265.7,,14.55,49.02,53.12,45.36,59.91,58.29,53.14
245.13,,6.95,48.63,50.64,44.55,51.5,49.81,49.026
254.5,,10.83,44.36,55.19,49.64,50.48,54.83,50.9
162.75,,6.62,35.34,34.11,32.6,28.72,31.98,32.55
238.6,,6.59,49.25,43.96,50.55,44.49,50.35,47.72
230.87,,10.40,49.02,41.02,50.57,40.17,50.09,46.174
258.64,,2.05,50.88,51.31,51.18,52.34,52.93,51.728
249.52,,14.62,48.3,51.65,47.05,43.95,58.57,49.904
145.01,,18.99,36.89,32.32,17.9,31.93,25.97,29.002
217.66,,4.86,42.41,47.21,42.53,42.35,43.16,43.532
241.08,,9.75,52.6,52.99,43.24,47.88,44.37,48.216
223.66,,16.24,48.54,50.86,34.62,45.06,44.58,44.732
148.86,,15.28,36.99,32.07,21.71,28.48,29.61,29.772
251.71,,7.18,50.7,46.06,53.24,52.98,48.73,50.342
164.19,,6.08,30.81,36.89,32.32,31.93,32.24,32.838
249.55,,23.98,37.54,47.45,49.53,53.51,61.52,49.91
254.66,,12.29,43.29,52.1,55.58,52.63,51.06,50.932
227.89,,9.64,44.3,48.12,39.69,49.33,46.45,45.578
267.97,,7.94,50.93,52.2,54.95,58.87,51.02,53.594
219.33,,7.51,39.7,47.21,45.55,43.71,43.16,43.866
176.15,,13.75,28.59,42.34,38.86,32.51,33.85,35.23
246.09,,8.73,44.25,46.06,51.42,51.38,52.98,49.218
260.82,,26.59,54.36,36.89,52.81,63.48,53.28,52.164
251.52,,15.49,51.5,57.14,41.65,54.56,46.67,50.304
180.55,,2.86,35.34,38.2,36.04,35.5,35.47,36.11
248.3,,12.44,57.25,44.81,51.33,47.88,47.03,49.66
219.83,,12.47,51.43,41.92,44.04,43.48,38.96,43.966
253.22,,13.10,55.66,53.77,42.56,52.32,48.91,50.644
265.42,,3.57,51.66,51.65,53.24,53.65,55.22,53.084
196.08,,16.91,37.73,28.15,40.56,45.06,44.58,39.216
202.26,,17.61,46.67,39.06,40.86,46.61,29.06,40.452
185.73,,8.47,38.88,37.96,36.56,31.93,40.4,37.146
266.31,,19.75,46.28,44.49,57.41,53.89,64.24,53.262
230.46,,18.77,34.53,53.3,44.27,52,46.36,46.092
218.94,,9.81,45.21,49.02,39.21,45.14,40.36,43.788
223.66,,17.62,54.28,36.66,44.15,46.2,42.37,44.732
265.04,,12.49,52.43,45.57,58.06,55.35,53.63,53.008
265.85,,8.25,51.86,57.65,49.4,56.59,50.35,53.17
181.08,,11.84,40.9,40.8,38.39,29.06,31.93,36.216
158.96,,24.82,39.02,14.2,31.47,38.26,36.01,31.792
260.8,,9.27,56.32,51.31,47.05,53.19,52.93,52.16
225.03,,9.47,47.63,45.05,41.16,40.86,50.33,45.006
244.66,,8.90,49.63,47.8,49.55,44.39,53.29,48.932
208.21,,16.52,40.88,34.62,47.41,50.91,34.39,41.642
236.09,,17.27,48.54,46.6,55.25,47.72,37.98,47.218
182.73,,13.84,35.34,44.3,34.62,30.46,38.01,36.546
254.07,,20.78,50.38,51.26,42.3,63.08,47.05,50.814
213.26,,12.16,35.19,46.39,44.04,40.29,47.35,42.652
204.78,,16.92,51.77,34.85,38.76,41.68,37.72,40.956
212.49,,14.96,39.47,44.88,38.04,52.53,37.57,42.498
163.33,,5.85,36.19,32.07,30.34,32.8,31.93,32.666
261.32,,11.96,51.66,48.85,60.81,50.56,49.44,52.264
208.97,,14.06,36.69,40.92,50.75,39.57,41.04,41.794
133.94,,6.55,23.46,30.01,25.22,28.64,26.61,26.788
242.87,,13.60,45.07,49.05,46.41,57.97,44.37,48.574
247.56,,20.68,47.66,55.66,35.91,56.59,51.74,49.512
239.22,,13.77,49.37,50.86,53.68,39.91,45.4,47.844
209.86,,14.60,46.67,32.07,43.96,42.36,44.8,41.972
236,,29.10,45.9,32.49,48.88,61.59,47.14,47.2
238.46,,8.11,44.94,47.56,50.69,43.58,51.69,47.692
238.66,,8.27,46.74,43.31,47.21,51.58,49.82,47.732
146.3,,8.54,28.59,27.48,25.31,33.85,31.07,29.26
231.3,,16.91,49.02,41.02,55.66,38.75,46.85,46.26
215.82,,19.96,45.21,29.57,46.63,44.88,49.53,43.164
212.81,,9.21,46.5,42.21,37.29,46.41,40.4,42.562
222.79,,21.17,53.53,46.3,32.36,50.91,39.69,44.558
241.8,,14.72,48.73,41.41,45.84,56.13,49.69,48.36
261.43,,16.17,44.36,51.94,60.53,53.54,51.06,52.286
252.11,,11.44,49.33,44.99,48.12,53.24,56.43,50.422
145.37,,10.27,34.57,32.07,25.95,28.48,24.3,29.074
198.67,,14.33,41.51,45.57,31.24,43.48,36.87,39.734
196.22,,6.64,40.9,36.89,37.97,36.93,43.53,39.244
236.91,,23.41,39.41,55.15,42.72,38.11,61.52,47.382
231.62,,16.40,39.47,53.97,47.27,53.34,37.57,46.324
247.32,,2.58,49.02,48.28,50.25,48.91,50.86,49.464
257.16,,4.37,49.65,49.28,53.24,53.65,51.34,51.432
225.98,,8.54,46.02,49.31,47.53,40.77,42.35,45.196
260.55,,5.84,50.88,54.14,51.31,49.19,55.03,52.11
245.94,,9.76,45.9,45.65,46.63,55.41,52.35,49.188
215.45,,22.08,55.19,33.11,47.72,34.03,45.4,43.09
252.09,,10.25,55.04,52.1,49.47,50.69,44.79,50.418
254.41,,5.12,49.33,51.18,48.12,53.24,52.54,50.882
260.33,,11.54,50.93,56.84,52.25,45.3,55.01,52.066
162.91,,11.10,36.1,34.11,34.25,33.45,25,32.582
166.21,,8.36,37.73,33.11,34.62,29.37,31.38,33.242
242.89,,13.09,47,39.84,52.56,50.56,52.93,48.578
141.99,,12.79,23.46,28.42,25.22,28.64,36.25,28.398
154.32,,3.70,31.23,28.72,30.48,32.42,31.47,30.864
257.91,,6.28,50.32,53.05,48.29,51.68,54.57,51.582
233.29,,13.45,40.09,50.65,46.73,53.54,42.28,46.658
182.9,,10.70,32.5,34.62,34.86,43.2,37.72,36.58
136.77,,6.17,28.59,25.31,24.31,30.48,28.08,27.354
175.8,,8.13,36.74,37.8,31.89,38.75,30.62,35.16
239.04,,5.24,47.58,49.63,48.56,48.88,44.39,47.808
218.81,,6.00,46.22,42.92,45.59,40.22,43.86,43.762
252.84,,4.45,48.73,52.13,47.8,52.25,51.93,50.568
209.69,,15.05,49.25,41.41,34.2,47.11,37.72,41.938
247,,18.74,59.3,40.56,51.33,54.77,41.04,49.4
215.02,,11.12,36.9,48.02,46.3,37.57,46.23,43.004
208.08,,24.25,35.38,41.02,42.93,56.5,32.25,41.616
229,,6.59,46.96,41.16,47.05,46.08,47.75,45.8
169.6,,9.18,36.89,34.44,32.93,28.08,37.26,33.92
238.32,,12.56,47.58,56.05,45.5,43.49,45.7,47.664
214.98,,14.36,37.73,46.6,34.62,48.98,47.05,42.996
227.41,,12.79,49.02,43.46,51.53,38.74,44.66,45.482
269.11,,20.71,43.44,50.25,64.15,55.1,56.17,53.822
241.63,,6.06,45.44,46.39,47.74,51.5,50.56,48.326
258.28,,13.24,57.63,52.33,51.58,44.39,52.35,51.656
256.11,,7.04,56.02,50.86,49.9,48.98,50.35,51.222
264.75,,12.38,56.32,44.75,54.62,51.93,57.13,52.95
208.58,,11.83,47.82,48.34,36.51,38.76,37.15,41.716
244.18,,16.68,46.36,43.06,44.66,59.74,50.36,48.836
231.16,,15.34,40.83,41.83,42.93,49.4,56.17,46.232
258.06,,12.05,51.66,46.76,52.1,58.81,48.73,51.612
259.3,,12.04,50.77,45.59,57.63,50.48,54.83,51.86
269.06,,20.54,63.1,42.56,53.24,53.65,56.51,53.812
212.53,,16.09,47.77,40.17,49.81,33.72,41.06,42.506
145.74,,18.99,36.89,30.9,32.2,17.9,27.85,29.148
216.97,,6.50,41.72,43.2,41.03,47.53,43.49,43.394
154.63,,5.88,27.57,32.47,29.16,33.45,31.98,30.926
249.6,,17.33,52.33,46.39,56.09,38.76,56.03,49.92
248.86,,9.79,55.19,48.73,48.98,50.56,45.4,49.772
264.6,,18.70,62.66,43.96,50.91,50.73,56.34,52.92
220.21,,3.89,44.23,46.02,42.53,42.13,45.3,44.042
272.32,,8.97,56.02,48.43,57.4,55.99,54.48,54.464
273.73,,10.85,51.75,61.18,53.97,56.5,50.33,54.746
270.41,,9.91,54.14,52.95,59.1,49.19,55.03,54.082
261.04,,8.02,51.5,51.94,54.72,47.43,55.45,52.208
274.2,,23.55,41.63,65.18,51.33,64.38,51.68,54.84
257.05,,8.86,48.73,51.31,57.59,50.23,49.19,51.41
270.22,,4.80,53.93,52.34,57.14,53.27,53.54,54.044
270.49,,14.10,59.94,49.09,53.66,46.85,60.95,54.098
272.02,,11.55,51.75,48.28,55.66,56.5,59.83,54.404
272.15,,12.78,56.34,46.44,52.54,57.61,59.22,54.43
272.59,,8.99,48.97,57.17,50.69,57.8,57.96,54.518
270.08,,13.58,55.95,55.83,49.9,47.41,60.99,54.016
273.79,,10.63,59.31,48.68,56.18,53.54,56.08,54.758
271.62,,12.18,54.48,55.54,47.17,55.08,59.35,54.324
270,,14.02,45.86,51.65,55.66,56.95,59.88,54
277.1,,18.29,54.28,48.02,52.45,56.04,66.31,55.42
270.24,,22.95,46.29,69.24,47.17,59.34,48.2,54.048
272.52,,10.33,59.06,58.24,49.98,48.73,56.51,54.504
192.07,,8.33,36.9,42.04,43.01,34.68,35.44,38.414
275.78,,14.89,53.68,56.55,60.67,45.78,59.1,55.156
294.28,,10.93,63.6,55.15,61.91,60.95,52.67,58.856
262.57,,13.22,47.77,46.92,51.31,60.14,56.43,52.514
256.64,,7.96,47.77,49.63,52.95,50.56,55.73,51.328
273.55,,16.84,53.53,45.89,54.81,56.59,62.73,54.71
198.94,,7.68,40.88,38.06,38.02,44.83,37.15,39.788
271.18,,11.40,49.02,55.54,53.75,52.45,60.42,54.236
271.58,,17.66,57.63,44.04,61.7,52.54,55.67,54.316
270.5,,11.25,54.77,49.8,52.34,61.05,52.54,54.1
270.8,,13.32,49.33,47.82,61.14,53.29,59.22,54.16
271.31,,11.76,57.68,55.12,48.2,59.96,50.35,54.262
259.15,,17.24,55.84,49.14,43.01,50.91,60.25,51.83
270.87,,15.44,44.93,60.37,58.65,59.78,47.14,54.174
271.45,,13.31,61.51,48.2,49.76,53.65,58.33,54.29
270.59,,23.56,43.31,66.87,51.57,61.7,47.14,54.118
289.84,,8.42,56.85,53.77,60.6,62.19,56.43,57.968
269.83,,15.00,63.57,48.57,56.59,50.04,51.06,53.966
271.86,,23.33,51.66,69.14,45.81,47.67,57.58,54.372
290.06,,7.19,58.65,57.86,59.1,60.82,53.63,58.012
266.56,,6.59,55.04,53.52,54.72,48.45,54.83,53.312
270.69,,9.56,54.77,52.95,58.75,49.19,55.03,54.138
239.1,,9.34,47.58,43.2,45.55,50.23,52.54,47.82
243.3,,19.67,59.38,39.71,48.98,49.53,45.7,48.66
274.38,,27.92,49.44,49.05,55.25,74.28,46.36,54.876
270.94,,11.04,60.18,55.84,49.14,50.82,54.96,54.188
272.54,,30.79,50.88,73.09,42.3,51.24,55.03,54.508
270.47,,9.74,60.98,51.43,53.19,51.24,53.63,54.094
293.44,,15.86,58.75,65.84,49.98,61.26,57.61,58.688
273.43,,3.69,52.9,55.84,53.27,56.59,54.83,54.686
272.61,,13.07,49.25,53.3,51.58,56.16,62.32,54.522
271.5,,21.94,61.51,60.09,39.57,52,58.33,54.3
270.84,,7.12,57.68,50.56,51.53,56.59,54.48,54.168
273.24,,12.62,51.03,48.02,59.07,60.64,54.48,54.648
271.99,,7.88,52.33,51.57,51.58,57.06,59.45,54.398
270.75,,4.05,56.02,53.7,51.97,54.58,54.48,54.15
115.6,,23.76,24.5,27.21,31.47,7.71,24.71,23.12
273.82,,7.26,53.99,51.18,54.03,58.44,56.18,54.764
269.73,,9.80,60.18,50.38,51.26,52.95,54.96,53.946
241.42,,11.93,50.38,53.97,42.04,46.56,48.47,48.284
271.24,,23.80,64.86,49.63,52.13,63.56,41.06,54.248
269.97,,10.54,48.63,59.17,54.56,57.8,49.81,53.994
270.63,,18.31,62.79,55.85,57.36,50.15,44.48,54.126
273.88,,8.58,60.41,51.83,56.34,52.67,52.63,54.776
259.44,,9.20,52.7,49.14,57.4,48.2,52,51.888
270.35,,11.43,52.34,56.55,58.19,46.76,56.51,54.07
271.37,,8.13,49.02,57.15,55.66,52.95,56.59,54.274
271.04,,14.51,56.1,59.17,44.66,52.52,58.59,54.208
299.98,,8.92,65,59.74,60.53,58.63,56.08,59.996
274.42,,6.12,55.7,52.9,56.34,51.68,57.8,54.884
