极差2.1,极差2.2
18.58,14.27
15.03,4.08
15.97,9.47
11.85,21.13
18.23,9.51
9.70,9.97
31.67,21.33
7.79,16.22
11.55,17.85
16.80,20.99
24.61,18.51
23.88,7.90
16.87,12.00
10.02,19.88
22.33,7.63
13.08,14.91
4.08,10.76
13.85,11.75
13.79,6.22
22.57,19.47
7.64,18.56
9.90,14.40
15.35,14.52
13.07,11.16
18.50,11.57
13.19,8.23
20.23,20.18
27.89,20.61
17.38,12.09
18.47,9.98
28.94,17.69
21.25,18.75
32.06,23.14
19.88,7.71
20.39,11.52
13.67,17.95
16.14,15.99
13.67,14.03
18.85,12.54
21.70,10.19
5.43,19.45
15.86,29.15
16.75,14.37
22.44,10.14
14.84,9.99
11.44,27.07
15.67,9.70
18.56,10.06
17.68,16.24
30.31,10.21
26.15,9.46
9.76,14.37
18.88,9.37
23.85,22.34
14.77,24.91
15.23,14.67
19.00,8.17
34.64,11.26
12.22,13.57
15.54,10.99
19.01,6.21
17.47,24.72
17.57,17.76
10.57,29.30
20.26,11.48
20.41,20.89
24.91,15.98
12.48,16.25
17.56,7.63
20.78,13.99
17.93,9.21
25.93,8.64
11.12,5.64
17.74,18.53
31.56,21.96
16.41,5.15
12.15,26.66
7.52,12.91
6.77,23.16
14.26,9.43
14.53,6.47
12.33,8.25
14.79,14.19
10.56,11.15
20.71,4.88
16.92,20.00
13.88,14.95
16.30,16.54
13.44,8.38
22.03,6.77
20.73,14.48
25.60,12.85
7.40,14.74
22.02,12.41
13.89,17.38
7.52,15.39
6.72,12.87
13.16,26.69
9.61,8.92
10.53,28.51
14.70,10.70
5.81,24.13
19.55,6.08
18.43,22.02
13.11,13.07
16.27,21.41
15.50,12.83
5.96,12.94
31.06,11.44
15.82,13.12
11.76,7.63
13.32,11.67
13.39,19.75
8.45,11.84
11.84,13.39
8.23,14.35
15.05,21.74
15.61,11.39
11.99,18.40
9.96,8.93
7.20,6.69
15.23,24.87
9.26,6.93
12.50,17.79
7.72,12.98
11.67,11.43
10.34,8.75
18.88,6.62
17.32,16.17
13.10,13.64
13.89,24.52
9.06,10.18
11.36,18.00
13.29,16.06
12.61,12.43
10.01,22.94
14.03,20.38
8.50,18.96
12.45,9.97
13.71,7.02
5.35,10.97
11.47,12.05
14.37,15.74
11.13,13.03
9.72,11.72
17.17,9.06
6.20,17.78
8.67,4.75
6.41,13.68
4.90,12.45
8.20,13.23
9.63,18.17
10.97,15.16
20.39,17.53
23.18,17.17
21.58,7.41
19.57,9.53
13.24,19.72
6.32,9.80
16.51,5.47
10.09,18.11
17.99,10.16
27.47,12.66
10.96,6.05
16.99,18.79
15.50,16.60
18.29,17.22
11.91,12.36
12.55,20.48
15.54,10.03
8.55,22.31
8.91,30.03
7.92,5.46
10.17,14.00
10.08,15.97
20.61,17.58
11.74,11.23
9.16,15.42
8.00,7.81
5.99,10.29
16.96,11.48
6.88,11.79
10.04,13.66
7.87,4.14
13.88,16.04
9.75,11.80
15.07,13.42
9.32,19.91
18.13,13.50
18.22,15.37
8.41,22.13
8.56,11.86
10.08,9.21
7.99,4.05
20.27,7.93
28.73,10.54
8.56,7.01
6.80,15.19
26.54,15.39
13.57,20.27
12.19,8.57
16.05,15.68
7.26,9.43
11.85,12.94
6.25,6.36
11.20,9.86
8.26,7.89
13.86,18.93
12.87,10.53
7.02,10.13
33.19,27.70
11.82,6.60
17.33,7.95
17.32,11.06
26.09,15.28
12.26,12.89
14.56,8.81
12.37,12.96
15.38,20.22
6.10,5.33
21.64,9.93
10.54,22.98
15.40,15.35
18.59,11.82
10.19,6.56
14.02,13.94
13.90,16.05
17.42,16.18
8.85,11.29
13.47,12.23
3.85,3.88
15.25,10.30
8.16,11.06
7.54,10.28
21.52,11.95
14.43,7.93
9.83,16.27
18.89,20.62
6.88,9.86
11.37,18.81
10.91,8.83
4.62,6.53
9.48,15.70
8.29,17.72
10.21,6.72
12.02,9.78
19.20,10.48
10.74,13.91
8.38,13.05
8.93,11.44
13.23,2.75
7.29,21.27
13.38,11.40
15.63,16.51
19.18,13.46
11.90,6.05
8.49,2.79
6.46,18.35
11.72,13.41
7.60,9.06
15.43,10.83
11.85,11.04
9.11,9.74
6.47,13.51
7.63,10.09
9.74,12.43
10.94,12.62
15.84,18.39
13.16,8.78
6.70,12.06
14.82,11.22
12.10,15.58
5.18,6.58
6.79,17.05
18.66,16.00
5.41,8.05
18.05,11.40
11.56,10.33
13.37,30.06
10.25,18.61
11.07,7.88
13.32,8.97
20.50,8.11
15.59,11.93
8.37,5.76
14.04,14.27
14.28,14.34
14.03,14.36
11.98,20.71
5.39,14.52
5.98,7.98
6.70,10.29
14.74,13.81
15.83,15.74
8.37,12.37
4.96,15.52
15.54,5.65
23.41,9.06
26.90,16.39
7.35,11.67
12.14,13.95
9.75,19.74
9.00,6.53
7.82,9.45
8.57,9.91
10.11,11.18
12.50,12.96
8.53,17.21
6.90,12.91
4.52,17.43
8.53,16.35
14.29,9.21
10.24,13.01
11.05,17.36
13.37,11.96
27.14,14.06
15.30,11.32
17.52,13.11
13.40,7.97
22.39,9.35
13.21,16.42
7.07,18.17
10.94,20.03
13.80,4.85
10.62,17.71
7.81,15.02
13.10,13.54
19.54,11.84
17.89,11.69
18.88,16.34
13.75,18.69
9.82,8.06
10.99,16.06
9.09,11.18
7.93,12.89
6.22,23.06
13.51,10.65
14.15,14.55
14.52,26.55
7.04,20.98
12.80,9.43
12.69,13.83
10.58,11.75
13.89,9.94
7.36,5.50
11.95,9.36
13.07,8.24
5.63,19.75
7.99,16.42
9.17,21.85
22.90,11.39
7.86,12.91
13.33,20.55
14.93,11.39
17.97,8.03
14.74,11.39
9.27,9.79
11.01,12.38
8.53,13.00
17.89,13.74
5.55,10.30
18.14,16.25
9.44,9.87
4.78,15.87
10.61,14.65
16.62,12.48
11.05,11.31
13.86,5.23
14.04,14.22
13.82,14.60
11.74,11.28
17.54,15.43
11.11,18.53
7.58,15.83
9.14,7.99
11.95,14.86
8.45,4.45
5.76,11.80
18.23,32.64
12.32,17.22
13.35,12.97
15.00,6.73
9.17,13.18
25.53,12.15
9.64,9.94
9.88,12.17
8.66,20.41
15.22,13.84
9.48,23.08
8.99,8.69
9.86,12.75
20.33,12.66
6.63,13.62
8.84,12.33
10.20,9.73
7.83,10.34
15.70,16.18
15.36,14.59
8.97,13.10
12.62,10.21
5.94,14.59
8.45,9.93
10.36,16.51
6.30,5.89
13.90,9.37
6.75,4.82
10.98,15.80
11.08,16.33
12.16,18.46
13.73,24.61
13.25,25.10
20.70,10.61
15.40,9.34
16.31,19.17
10.89,8.69
12.84,13.71
34.50,7.15
6.61,23.35
11.42,24.91
13.21,9.46
9.11,17.38
11.22,23.64
15.59,5.31
6.40,9.94
8.55,10.04
26.98,4.77
10.41,13.50
38.83,11.15
8.73,14.27
13.19,12.95
13.23,7.73
7.66,18.51
4.47,25.46
12.56,13.10
12.17,10.00
14.00,16.36
16.70,8.46
5.53,21.64
7.24,19.75
10.58,6.21
17.59,11.01
12.58,14.48
11.04,12.15
11.35,18.93
8.76,20.64
20.27,10.61
13.12,15.77
10.75,20.02
11.99,15.44
8.32,17.04
13.92,13.90
18.48,6.21
7.49,13.45
16.52,17.38
13.07,10.22
12.17,15.35
13.36,20.98
7.90,12.06
8.35,7.16
7.77,13.22
12.42,11.62
10.70,16.31
17.43,20.42
13.25,20.62
6.02,11.44
17.54,22.20
7.34,13.98
10.92,10.29
5.13,11.81
8.47,9.16
8.48,21.53
14.64,19.63
7.27,19.54
17.68,12.63
14.79,14.90
10.89,18.48
23.71,8.20
3.94,11.17
18.99,18.31
3.53,4.69
6.64,15.40
14.35,20.45
11.98,13.31
8.26,10.94
12.78,16.81
6.95,8.41
7.58,9.11
19.80,12.53
6.58,12.29
12.63,11.27
18.55,5.68
9.01,11.43
9.04,18.14
23.36,6.85
4.49,18.25
12.66,10.70
18.14,21.88
9.91,16.66
7.40,15.30
4.38,18.90
9.43,18.64
20.73,11.17
3.02,10.71
21.45,10.22
14.40,12.98
13.34,11.24
7.75,10.03
7.57,16.49
12.43,22.08
11.96,12.38
17.28,13.84
7.46,15.76
24.42,13.90
5.35,21.75
8.88,12.40
11.66,6.20
8.15,5.63
8.77,20.42
10.07,10.85
12.17,10.02
11.73,6.20
14.29,7.89
22.49,5.22
11.51,10.90
10.05,13.44
12.01,13.67
9.89,18.74
14.43,13.35
19.83,19.49
14.67,19.79
33.14,11.46
7.01,13.64
19.67,22.49
14.36,26.74
11.41,6.84
7.08,11.91
6.85,14.51
12.46,8.92
14.08,7.96
8.44,13.94
12.66,7.41
9.37,14.58
14.52,6.69
7.92,19.88
17.95,24.95
11.36,7.70
15.22,15.87
9.87,15.99
14.07,21.30
10.88,20.40
12.48,12.42
20.97,16.62
10.06,18.15
7.11,10.50
9.92,14.15
11.06,16.99
18.81,9.48
20.98,20.38
15.18,6.93
8.14,19.52
6.76,8.50
8.24,6.78
13.77,10.36
21.39,12.90
11.88,14.73
9.56,5.75
17.99,8.76
17.02,14.05
13.50,9.16
18.87,11.47
7.33,17.82
11.75,20.51
13.36,11.38
4.14,19.21
12.42,18.99
17.84,14.30
9.88,15.78
7.36,12.21
15.92,19.19
6.26,9.52
16.80,12.91
10.52,10.57
16.68,12.58
14.41,14.03
12.84,17.21
16.97,10.81
12.35,2.68
8.83,17.18
8.92,14.27
19.36,15.71
10.96,8.92
3.99,18.72
11.99,16.62
14.12,12.59
10.25,12.90
15.18,6.48
10.14,9.04
9.20,16.75
15.03,10.81
17.45,20.21
8.79,11.74
8.56,10.82
8.17,17.89
5.35,12.75
14.89,1.83
8.83,11.46
12.00,15.60
5.30,7.19
10.71,6.97
14.65,11.44
11.99,6.44
14.98,11.67
10.94,17.16
14.15,12.31
12.06,10.61
10.73,7.21
4.85,17.71
17.24,19.55
15.03,6.99
12.39,13.02
7.59,30.22
13.57,6.71
11.18,11.18
11.60,10.44
6.20,6.60
4.74,13.07
14.79,16.17
13.80,9.11
19.27,13.00
22.13,10.50
9.57,10.83
13.03,21.03
15.51,14.32
17.44,6.02
17.44,21.53
14.55,14.38
11.92,19.67
12.61,18.45
17.23,10.00
20.56,13.68
22.08,10.17
11.97,21.86
14.88,16.72
15.88,19.48
7.32,11.62
12.00,6.41
14.48,15.65
9.46,26.02
8.00,21.03
15.54,10.97
21.50,14.86
8.48,15.21
10.23,12.48
7.72,11.15
6.54,6.20
14.29,7.85
12.08,12.72
12.72,10.75
11.72,15.11
13.34,13.99
5.70,12.47
14.50,16.97
8.97,5.25
10.78,12.74
10.92,17.36
11.02,8.31
18.64,7.59
6.33,19.83
11.79,13.52
16.69,14.78
8.03,6.88
10.61,9.23
13.72,25.16
13.93,18.52
11.17,27.84
12.76,8.25
11.84,20.43
13.30,8.54
14.69,12.75
11.89,4.99
8.34,14.45
10.65,20.50
4.45,27.82
7.82,14.35
9.36,9.80
12.68,16.96
21.37,13.24
8.05,4.53
11.83,11.63
11.18,24.89
47.19,4.41
20.64,7.81
7.44,7.35
14.55,12.40
6.95,6.31
10.83,9.81
6.62,3.81
6.59,12.69
10.40,21.03
2.05,20.67
14.62,21.46
18.99,13.13
4.86,2.66
9.75,14.76
16.24,7.41
15.28,12.70
7.18,21.05
6.08,11.08
23.98,12.75
12.29,18.18
9.64,5.52
7.94,9.97
7.51,5.55
13.75,15.65
8.73,17.71
26.59,18.18
15.49,14.94
2.86,11.73
12.44,18.87
12.47,17.14
13.10,13.84
3.57,15.23
16.91,14.15
17.61,14.00
8.47,12.48
19.75,9.37
18.77,5.97
9.81,16.40
17.62,7.87
12.49,20.71
8.25,18.27
11.84,7.73
24.82,31.09
9.27,10.15
9.47,11.33
8.90,11.92
16.52,10.58
17.27,15.82
13.84,19.75
20.78,14.82
12.16,7.87
16.92,15.97
14.96,12.94
5.85,11.64
11.96,13.23
14.06,14.70
6.55,12.93
13.60,9.27
20.68,14.38
13.77,7.78
14.60,10.36
29.10,11.48
8.11,11.93
8.27,15.01
8.54,10.99
16.91,18.98
19.96,15.39
9.21,9.10
21.17,21.75
14.72,10.07
16.17,13.57
11.44,17.27
10.27,9.34
14.33,17.12
6.64,15.81
23.41,21.54
16.40,16.34
2.58,8.97
4.37,11.30
8.54,8.97
5.84,13.68
9.76,17.72
22.08,24.10
10.25,15.13
5.12,8.70
11.54,8.44
11.10,10.86
8.36,19.22
13.09,18.39
12.79,10.90
3.70,5.04
6.28,14.44
13.45,13.99
10.70,32.39
6.17,7.23
8.13,10.29
5.24,17.95
6.00,12.34
4.45,12.41
15.05,12.05
18.74,16.44
11.12,16.93
24.25,13.32
6.59,10.68
9.18,6.49
12.56,13.44
14.36,9.19
12.79,12.50
20.71,7.70
6.06,4.57
13.24,10.61
7.04,3.22
12.38,16.81
11.83,9.90
16.68,19.34
15.34,13.08
12.05,21.90
12.04,7.91
20.54,13.51
16.09,16.51
18.99,6.54
6.50,12.73
5.88,17.12
17.33,11.60
9.79,21.04
18.70,16.17
3.89,10.87
8.97,15.80
10.85,9.83
9.91,8.18
8.02,14.24
23.55,6.93
8.86,13.19
4.80,17.85
14.10,18.51
11.55,4.68
12.78,12.43
8.99,8.41
13.58,7.70
10.63,14.93
12.18,17.29
14.02,18.06
18.29,8.95
22.95,14.93
10.33,9.29
8.33,12.23
14.89,14.98
10.93,18.01
13.22,19.20
7.96,9.78
16.84,20.98
7.68,17.45
11.40,7.52
17.66,7.78
11.25,7.65
13.32,19.83
11.76,12.71
17.24,14.97
15.44,11.72
13.31,10.11
23.56,18.24
8.42,12.47
15.00,17.74
23.33,15.05
7.19,20.88
6.59,6.84
9.56,15.87
9.34,7.13
19.67,15.25
27.92,26.41
11.04,14.59
30.79,9.00
9.74,9.15
15.86,7.13
3.69,5.88
13.07,13.20
21.94,7.53
7.12,15.19
12.62,16.71
7.88,27.49
4.05,6.29
23.76,14.72
7.26,13.68
9.80,6.47
11.93,10.03
23.80,21.49
10.54,17.99
18.31,17.63
8.58,6.49
9.20,7.40
11.43,7.48
8.13,12.62
14.51,12.57
8.92,18.45
6.12,10.74
,12.38
,17.55
,14.16
,6.84
,11.22
,10.01
,17.36
,17.30
,23.76
,30.07
,4.82
,17.38
,19.89
,12.21
,12.54
,10.35
,5.82
,8.12
,16.46
,17.49
,2.99
,17.48
,7.53
,13.01
,14.25
,9.38
,8.97
,10.19
,15.99
,8.88
,23.23
,15.84
,7.30
,7.24
,19.44
,9.59
,11.08
,12.30
,6.93
,3.74
,16.49
,8.32
,22.67
,15.16
,5.52
,7.03
,13.17
,13.29
,16.38
,10.33
,17.77
,7.41
,5.98
,13.40
,14.02
,12.53
,14.31
,14.07
,11.14
,9.32
,21.45
,10.81
,8.62
,12.28
,11.22
,10.34
,13.61
,10.02
,6.56
,9.15
,11.99
,15.04
,9.28
,22.68
,19.65
,12.98
,16.03
,13.12
,11.30
,6.24
,18.29
,35.54
,17.02
,11.76
,17.50
,8.27
,14.11
,16.54
,8.56
,12.58
,15.89
,17.84
,16.20
,2.18
,5.36
,17.42
,18.19
,3.06
,11.26
,15.30
,18.66
,15.21
,8.75
,11.76
,25.01
,18.60
,11.71
,3.80
,15.74
,14.42
,14.44
,15.48
,17.59
,22.26
,9.86
,6.35
,17.60
,15.37
,15.87
,13.92
,9.08
,11.96
,13.93
,12.77
,13.57
,19.64
,8.04
,13.49
,19.53
,13.31
,10.87
,11.18
,12.68
,9.90
,18.75
,12.52
,11.38
,11.70
,9.18
,20.32
,8.23
,10.63
,10.34
,17.72
,18.40
,13.86
,19.84
,13.16
,18.81
,19.81
,14.02
,14.68
,10.20
,18.58
,14.10
,11.92
,18.01
,26.35
,5.56
,16.44
,14.98
,11.87
,20.20
,16.75
,12.54
,5.42
,18.70
,7.38
,8.63
,14.53
,10.28
,10.57
,26.08
,14.51
,7.04
,9.26
,15.24
,13.93
,5.12
,10.56
,12.73
,15.57
,9.87
,5.28
,10.41
,20.48
,8.70
,17.87
,13.66
,13.48
,22.00
,24.78
,5.67
,23.04
,29.20
,7.60
,9.16
,9.30
,15.27
,13.14
,8.78
,15.93
,25.07
,8.60
,16.07
,23.15
,16.16
,13.27
,19.07
,10.86
,17.62
,14.26
,12.62
,10.94
,6.59
,12.33
,5.04
,5.34
,11.53
,8.30
,12.75
,20.14
,20.18
,8.66
,11.83
,13.87
,17.19
,12.96
,5.72
,14.48
,10.02
,12.25
,21.17
,11.90
,16.07
,14.60
,9.13
,9.63
,10.96
,18.04
,10.26
,8.58
,9.28
,21.28
,16.12
,21.83
,15.35
,2.80
,10.96
,10.93
,11.65
,15.43
,15.21
,14.18
,13.37
,16.00
,9.80
,10.53
,5.48
,10.43
,11.07
,12.47
,19.13
,6.57
,22.90
,6.50
,7.69
,11.87
,23.19
,11.37
,24.56
,15.96
,11.05
,18.30
,5.75
,8.09
,4.75
,15.11
,15.02
,9.50
,2.41
,9.61
,9.78
,17.56
,12.35
,18.72
,6.44
,9.30
,9.59
,10.71
,8.63
,8.66
,7.32
,13.46
,8.39
,18.06
,19.37
,7.42
,12.32
,9.78
,16.23
,25.20
,10.93
,6.99
,18.18
,21.51
,13.25
,17.25
,11.05
,17.08
,27.39
,3.39
,14.65
,4.01
,6.21
,13.90
,15.96
,8.38
,10.15
,2.22
,13.44
,17.22
,19.13
,15.46
,12.21
,23.36
,21.57
,12.73
,13.63
,14.75
,9.21
,12.49
,13.63
,14.42
,14.03
,10.09
,9.17
,19.45
,11.85
,9.99
,12.23
,8.38
,12.40
,21.42
,17.53
,16.34
,10.79
,15.01
,15.53
,12.93
,8.51
,14.41
,7.29
,9.22
,17.23
,16.60
,12.80
,14.04
,15.70
,16.19
,20.25
,16.43
,16.22
,25.54
,14.76
,11.80
,6.17
,10.99
,9.10
,15.51
,16.84
,13.95
,14.23
,16.56
,10.35
,12.68
,21.39
,10.07
,7.99
,7.81
,18.22
,17.98
,17.85
,20.54
,12.39
,15.74
,3.98
,13.36
,13.46
,11.12
,10.48
,7.28
,12.48
,5.83
,11.26
,11.23
,15.10
,7.81
,3.21
,12.25
,3.35
,12.93
,11.84
,16.07
,25.02
,9.55
,10.05
,8.82
,14.95
,13.52
,8.77
,5.91
,7.27
,12.48
,14.82
,10.66
,12.15
,20.93
,3.15
,18.15
,12.88
,13.53
,8.18
,8.93
,12.83
,16.99
,18.26
,17.46
,11.32
,18.01
,7.15
,12.14
,9.44
,6.99
,10.28
,12.58
,19.83
,15.03
,12.16
,11.21
,10.09
,12.72
,16.74
,13.74
,11.33
,8.06
,11.35
,10.55
,13.13
,13.62
,21.15
,17.52
,11.52
,18.43
,13.21
,8.72
,9.32
,14.37
,14.77
,5.08
,13.85
,15.51
,13.43
,13.74
,12.11
,12.74
,13.17
,11.31
,8.88
,15.15
,14.25
,15.98
,8.14
,14.76
,7.50
,18.44
,11.75
,17.81
,13.26
,15.09
,17.24
,6.38
,12.20
,8.86
,17.02
,14.28
,12.52
,15.21
,8.59
,21.07
,7.71
,12.48
,11.21
,14.25
,17.94
,10.84
,9.78
,17.65
,11.90
,17.24
,16.02
,16.15
,21.78
,5.22
,14.76
,18.99
,14.11
,24.36
,21.87
,13.75
,7.71
,19.66
,9.60
,14.89
,12.82
,4.74
,13.99
,8.75
,23.80
,12.88
,21.47
,26.13
,10.97
,21.50
,20.42
,19.33
,15.73
,11.93
,5.59
,17.36
,11.98
,17.91
,9.75
,12.26
,14.90
,22.75
,6.92
,16.36
,16.17
,18.29
,3.67
,5.54
,26.29
,10.49
,9.09
,6.50
,7.15
,18.01
,8.77
,11.94
,14.90
,9.99
,6.82
,22.23
,19.81
,8.59
,11.10
,11.78
,19.25
,16.15
,12.12
,15.52
,18.24
,10.83
,15.40
,18.90
,16.23
,8.11
,7.60
,17.94
,22.39
,15.43
,25.17
,8.69
,15.21
,16.03
,14.11
,12.50
,13.58
,13.93
,9.79
,10.37
,11.58
,13.30
,14.81
,17.84
,15.30
,12.54
,7.09
,15.78
,12.33
,8.87
,5.83
,6.26
,12.84
,4.89
,13.93
,11.20
,13.92
,14.80
,20.44
,17.76
,16.17
,21.28
,16.41
,23.48
,14.61
,17.51
,11.95
,14.28
,15.29
,17.62
,9.35
,9.25
,9.46
,8.56
,14.16
,12.19
,26.19
,8.12
,43.04
,11.86
,14.89
,7.07
,8.49
,28.82
,11.52
,12.38
,13.44
,4.93
,15.45
,8.76
,10.96
,10.20
,5.74
,10.43
,4.46
,17.86
,9.43
,7.08
,15.11
,5.32
,7.74
,11.81
,8.36
,11.08
,9.62
,8.72
,19.35
,18.75
,3.89
,6.79
,8.54
,20.15
,16.87
,5.51
,2.73
,9.69
,15.49
,16.35
,20.71
,5.45
,8.78
,13.47
,5.63
,3.89
,9.28
,8.62
,7.14
,9.38
,3.55
,9.01
,8.16
,5.60
,7.58
,8.37
,11.28
,8.78
,9.06
,9.19
,12.31
,6.59
,8.43
,10.13
,27.57
,13.66
,19.85
,10.66
,15.39
,18.66
,15.07
,13.29
,19.20
,14.95
,6.92
,15.79
,11.26
,16.89
,6.47
,8.67
,2.62
,8.03
,7.06
,16.27
,4.93
,9.62
,13.93
,12.43
,8.00
,9.79
,5.49
,19.79
,6.30
,26.63
,11.48
,33.06
,32.20
,19.53
,10.38
,7.08
,10.89
,26.74
,5.98
,9.08
,4.24
,9.57
,19.16
,8.44
,16.09
,4.94
,11.89
,7.93
,8.71
,18.69
,4.70
,13.39
,11.60
,13.76
,16.87
,11.95
,16.05
,7.51
,10.96
,6.93
,7.12
,8.57
,7.94
,8.53
,14.65
,7.01
,29.21
,19.23
,11.82
,7.62
,9.92
,5.06
,12.99
,11.27
,5.91
,10.30
,17.93
,6.99
,13.92
,11.76
,9.51
,28.14
,8.96
,11.65
,5.28
,12.61
,11.65
,10.91
,4.31
,28.83
,4.50
,7.35
,19.68
,7.62
,27.43
,12.83
,2.34
,9.44
,26.31
,13.21
,8.85
,8.43
,17.18
,32.87
,12.19
,9.59
,4.98
,10.07
,4.38
,4.23
,18.15
,10.56
,12.44
,8.12
,10.08
,18.42
,23.91
,7.36
,6.64
,4.86
,6.94
,9.49
,10.73
,15.49
,16.44
,19.84
,10.66
,7.73
,7.99
,7.13
,23.03
,13.46
,19.97
,14.38
,5.76
,7.83
,23.82
,9.92
,7.71
,12.87
,14.14
,5.28
,6.79
,13.89
,3.25
,7.64
,7.05
,6.60
,19.45
,19.64
,5.91
,9.55
,11.41
,4.82
,4.47
,25.49
,5.80
,8.53
,9.83
,10.08
,1.97
,10.03
,14.13
,17.00
,11.87
,3.51
,10.08
,4.85
,24.51
,8.16
,12.57
,20.00
,16.41
,8.81
,14.96
,13.36
,5.07
,11.93
,6.07
,3.05
,8.42
,16.13
,11.25
,11.06
,7.26
,11.61
,14.81
,6.07
,10.25
,16.69
,13.38
,19.50
,6.18
,12.69
,11.18
,8.30
,9.78
,11.51
,8.47
,8.42
,8.35
,6.84
,6.52
,17.23
,15.11
,11.16
,19.93
,3.82
,13.92
,12.73
,12.78
,11.59
,9.64
,11.65
,13.57
,9.01
,12.71
,15.50
,9.71
,11.93
,15.65
,6.49
,35.10
,14.70
,18.82
,13.89
,9.11
,7.56
,18.78
,14.40
,18.76
,5.77
,5.28
,7.99
,7.03
,12.39
,5.68
,14.57
,12.27
,7.05
,13.72
,29.63
,17.80
,19.25
,7.46
,23.34
,9.28
,13.83
,16.53
,26.22
,9.64
,7.67
,9.67
,25.45
,7.47
,10.26
,6.75
,9.37
,3.63
,26.61
,13.35
,8.69
,16.85
,6.77
,4.36
,10.18
,12.63
,7.14
,26.75
,5.38
,8.23
,11.75
,9.76
,21.44
,17.45
,1.64
,3.21
,5.46
,6.53
,11.42
,5.04
,9.70
,6.46
,23.15
,15.92
,7.99
,14.41
,12.86
,11.27
,8.67
,11.60
,8.19
,11.57
,7.94
,10.56
,10.61
,6.11
,12.06
,9.75
,8.93
,2.61
,8.43
,10.44
,7.87
,15.47
,13.13
,12.90
,12.92
,10.26
,17.28
,6.11
,14.27
,5.13
,16.04
,20.92
,9.42
,7.88
,11.35
,16.54
,4.40
,8.90
,11.67
,9.60
,12.71
,10.21
,7.80
,8.01
,8.26
,11.92
,19.01
,6.26
,6.52
,10.08
,9.88
,14.48
,5.17
,2.72
,10.42
,13.99
,4.28
,15.15
,23.79
,11.15
,11.45
,4.28
,3.41
,11.80
,12.34
,10.13
,13.69
,6.64
,12.03
,14.05
,12.36
,10.41
,7.63
,19.89
,16.51
,4.69
,14.12
,19.90
,12.85
,25.76
,19.18
,7.93
,19.10
,20.69
,14.71
,9.77
,8.33
,11.50
,9.29
,7.75
,32.83
,16.20
,7.47
,8.81
,6.86
,11.45
,11.11
,13.02
,8.92
,23.15
,9.27
,2.65
,14.40
,17.44
,19.96
,17.21
,5.67
,5.58
,13.28
,18.93
,14.54
,9.29
,15.56
,6.09
,22.96
,7.37
,13.34
,12.97
,6.40
,10.71
,3.04
,16.26
,13.98
,7.45
,8.55
,3.32
,9.63
,5.34
,25.37
,10.61
,13.69
,9.50
,18.88
,21.53
,12.82
,6.45
,7.78
,14.24
,7.16
,13.03
,9.24
,14.64
,12.12
,8.52
,13.70
,9.90
,11.04
,3.04
,15.20
,17.36
,6.11
,10.66
,25.37
,10.00
,2.48
,13.13
,19.71
,11.32
,12.24
,6.82
,10.77
,7.35
,15.39
,6.67
,20.53
,10.98
,14.21
,6.39
,7.32
,8.00
,12.15
,14.52
,20.86
,27.78
,17.97
,7.78
,22.09
,19.41
,19.44
,19.28
,9.32
,8.10
,11.91
,2.60
,3.90
,14.58
,6.44
,11.87
,14.73
,17.83
,17.79
,7.96
,10.51
,6.04
,11.76
,18.15
,9.40
,6.79
,7.14
,11.07
,7.31
,9.53
,8.47
,8.86
,7.70
,17.30
,10.31
,9.76
,19.93
,15.09
,4.94
,12.96
,9.10
,11.61
,8.40
,6.48
,10.45
,19.41
,5.21
,12.17
,7.50
,8.86
,9.98
,11.64
,11.51
,18.66
,8.33
,6.48
,4.99
,9.90
,13.61
,13.91
,27.01
,16.61
,5.29
,16.72
,14.92
,2.47
,6.90
,30.28
,8.74
,17.72
,7.70
,11.46
,6.82
,11.70
,8.82
,7.97
,6.05
,14.39
,11.70
,10.09
,33.38
,19.50
,42.17
,9.68
,9.60
,18.82
,13.11
,6.62
,2.00
,14.76
,9.31
,11.67
,13.96
,9.38
,16.00
,15.08
,20.38
,12.53
,5.02
,12.15
,5.80
,8.30
,9.23
,6.96
,8.43
,11.02
,14.12
,10.20
,10.33
,19.53
,14.07
,3.41
,13.00
,16.02
,5.11
,11.83
,5.81
,13.11
,2.79
,4.28
,10.60
,17.11
,12.17
,15.01
,13.58
,9.97
,8.06
,14.30
,8.81
,13.77
,18.63
,8.71
,6.32
,18.44
,10.65
,15.48
,15.16
,11.22
,9.03
,5.42
,12.26
,7.73
,13.24
,37.68
,8.06
,7.62
,4.62
,13.81
,6.47
,8.10
,9.16
,13.20
,8.25
,12.55
,12.77
,9.03
,3.80
,7.05
,14.40
,14.37
,13.61
,9.07
,20.72
,19.36
,8.26
,6.02
,4.31
,10.61
,11.97
,10.75
,4.77
,19.50
,23.87
,15.69
,7.29
,16.61
,9.93
,8.28
,14.28
,13.80
,9.30
,10.20
,8.07
,12.51
,15.90
,10.17
,16.67
,12.73
,7.30
,15.07
,4.54
,9.23
,10.55
,8.73
,10.44
,14.44
,11.52
,8.79
,29.39
,9.73
,9.91
,9.59
,10.13
,16.85
,8.71
,14.24
,7.41
,13.80
,13.47
,8.58
,6.83
,11.49
,6.34
,5.03
,5.86
,12.36
,11.43
,13.06
,6.76
,6.09
,37.69
,16.03
,10.38
,38.68
,10.41
,9.24
,6.73
,15.05
,5.38
,8.56
,19.41
,6.61
,11.10
,13.07
,9.82
,6.05
,15.52
,18.58
,10.31
,11.16
,8.66
,10.71
,6.09
,6.65
,8.35
,24.92
,10.41
,7.73
,7.88
,12.06
,10.19
,15.02
,8.64
,11.71
,15.09
,7.06
,9.48
,14.34
,6.30
,9.79
,11.97
,4.96
,12.10
,9.52
,4.49
,11.71
,11.21
,12.62
,12.34
,13.42
,17.63
,4.25
,12.53
,16.08
,6.43
,12.61
,11.52
,6.86
,5.78
,10.50
,6.58
,14.34
,13.62
,7.21
,6.75
,10.46
,5.31
,6.09
,11.52
,10.08
,14.43
,19.69
,17.55
,13.03
,9.10
,3.97
,13.18
,8.62
,9.04
,10.19
,10.85
,9.55
,10.50
,18.72
,13.03
,3.02
,4.69
,12.92
,2.10
,6.40
,14.63
,11.73
,5.46
,10.83
,11.97
,10.83
,12.72
,6.55
,10.64
,10.03
,6.25
,12.91
,10.56
,10.43
,10.55
,9.74
,5.77
,10.37
,19.17
,8.21
,7.92
,8.13
,13.37
,12.33
,6.78
,18.52
,6.29
,11.69
,9.67
,10.22
,16.06
,25.50
,17.86
,15.18
,17.37
,44.52
,14.83
,8.80
,19.99
,11.73
,11.62
,15.66
,4.88
,8.13
,6.32
,16.44
,10.26
,4.73
,10.34
,13.94
,11.02
,4.77
,4.31
,4.75
,12.86
,16.17
,3.16
,5.94
,11.62
,16.78
,10.65
,46.69
,4.56
,22.80
,7.89
,3.30
,11.59
,3.82
,8.55
,16.97
,6.34
,12.49
,16.16
,7.66
,10.74
,14.07
,13.11
,17.79
,10.60
,10.68
,14.48
,10.48
,9.42
,11.19
,8.79
,12.70
,15.53
,10.98
,12.17
,30.54
,15.17
,14.93
,5.04
,8.84
,5.51
,6.20
,7.64
,9.45
,12.64
,8.03
,11.76
,5.04
,11.18
,9.65
,18.29
,5.51
,7.20
,11.36
,17.65
,3.93
,14.41
,9.84
,10.17
,12.08
,18.55
,20.37
,12.11
,8.70
,11.76
,19.11
,16.82
,10.76
,12.81
,11.12
,24.30
,19.17
,10.26
,3.91
,4.12
,7.36
,11.99
,15.46
,8.26
,8.33
,8.83
,5.11
,10.53
,18.01
,3.95
,6.31
,2.75
,7.74
,16.70
,12.70
,8.95
,4.07
,11.92
,9.81
,17.29
,14.72
,12.42
,27.45
,7.34
,8.30
,7.93
,8.68
,12.70
,9.94
,14.05
,18.02
,10.00
,13.14
,7.97
,13.80
,11.66
,19.02
,8.40
,13.98
,9.76
,10.38
,5.74
,8.33
,9.23
,10.38
,11.28
,13.09
,9.53
,10.29
,7.07
,20.45
,7.70
,27.52
,7.98
,10.47
,16.83
,9.15
,8.60
,15.57
,12.77
,9.71
,10.84
,7.19
,12.81
,16.57
,14.74
,3.89
,8.96
,5.66
,12.18
,7.31
,4.28
,10.93
,3.93
,21.97
,20.50
,6.65
,5.99
,12.22
,14.68
,5.35
,11.81
,12.52
,4.72
,12.78
,10.40
,11.13
,20.09
,13.51
,7.53
,13.83
,14.26
,23.45
,6.86
,13.78
,13.90
,7.39
,10.66
,14.35
,6.11
,9.95
,15.17
,6.91
,60.23
,12.54
,8.98
,16.21
,5.34
,42.26
,13.96
,8.11
,8.23
,5.59
,9.72
,10.50
,6.92
,3.91
,10.01
,11.34
,10.93
,21.02
,11.64
,9.59
,9.99
,12.11
,10.56
,8.43
,16.32
,19.34
,5.67
,6.45
,6.89
,18.42
,9.56
,9.19
,8.24
,9.04
,5.47
,8.02
,10.76
,12.77
,23.62
,9.04
,3.95
,2.61
,7.81
,11.05
,9.98
,9.87
,10.67
,11.20
,6.79
,5.46
,16.84
,11.08
,7.30
,25.04
,10.70
,25.80
,13.14
,15.61
,16.60
,8.73
,12.01
,6.94
,18.22
,14.56
,13.52
,12.34
,4.70
,11.17
,20.12
,19.17
,7.74
,7.77
,5.01
,11.72
,7.25
,7.80
,24.81
,4.12
,15.11
,10.61
,11.73
,11.94
,13.39
,16.40
,6.20
,6.38
,3.40
,8.48
,7.20
,33.95
,2.35
,7.57
,12.61
,7.02
,5.26
,4.28
,5.14
,6.07
,5.06
,7.78
,2.65
,9.12
,5.38
,9.26
,13.32
,11.79
,38.65
,17.39
,5.93
,14.08
,9.88
,4.39
,17.60
,11.07
,4.75
,12.74
,7.98
,1.60
,17.75
,10.60
,29.80
,11.52
,13.95
,24.32
,10.41
,5.41
,12.99
,13.21
,14.73
,12.88
,15.18
,7.51
,11.58
,13.30
,9.11
,9.23
,11.19
,17.33
,8.76
,10.67
,19.82
,15.44
,9.41
,3.03
,12.34
,6.84
,6.48
,15.91
,4.19
,11.84
,7.77
,3.81
,9.61
,8.12
,9.74
,7.24
,10.29
,7.62
,3.59
,11.97
,15.66
,10.20
,12.38
,6.59
,11.39
,10.46
,5.68
,20.60
,4.03
,16.77
,1.81
,13.02
,4.80
,2.81
,10.49
,10.03
,9.45
,8.32
,3.68
,29.03
,16.79
,8.79
,11.34
,12.21
,6.65
,6.45
,9.19
,11.89
,15.87
,9.30
,10.88
,14.04
,5.66
,7.46
,3.93
,8.98
,21.79
,11.13
,11.61
,19.56
,3.65
,43.06
,12.84
,13.12
,6.09
,3.52
,11.97
,10.36
,16.31
,10.53
,12.60
,10.99
,5.66
,15.14
,13.75
,12.00
,9.79
,14.03
,8.56
,7.92
,8.13
,9.70
,13.76
,11.75
,21.67
,8.72
,23.60
,14.06
,11.66
,5.77
,11.60
,16.87
,12.80
,10.68
,7.60
,10.06
,12.25
,11.64
,13.23
,14.08
,8.23
,5.92
,8.94
,13.74
,10.08
,14.69
,10.71
,20.00
,11.27
,5.23
,7.34
,4.13
,6.26
,8.36
,14.27
,9.54
,14.76
,8.10
,4.53
,15.41
,10.21
,11.59
,2.93
,7.71
,7.37
,7.38
,16.95
,8.60
,15.02
,6.84
,7.00
,10.56
,9.89
,8.14
,13.40
,12.60
,5.06
,5.91
,8.27
,10.95
,17.46
,12.21
,9.48
,8.53
,5.67
,12.28
,12.93
,8.20
,19.24
,6.04
,8.00
,21.05
,11.19
,3.61
,20.48
,10.61
,10.31
,11.66
,5.92
,1.41
,15.91
,13.09
,14.02
,21.84
,23.15
,7.41
,8.90
,7.45
,3.23
,7.92
,9.09
,9.39
,11.57
,8.64
,3.32
,3.15
,6.68
,10.09
,6.75
,17.50
,4.79
,6.24
,10.78
,15.74
,18.59
,9.42
,8.87
,8.36
,9.19
,6.75
,14.65
,21.64
,7.87
,4.15
,7.62
,9.41
,22.38
,9.04
,14.63
,25.40
,6.67
,12.14
,7.35
,2.80
,20.40
,17.05
,10.53
,19.60
,12.50
,13.06
,9.33
,15.97
,9.32
,16.98
,10.68
,7.86
,9.75
,4.85
,15.06
,6.12
,9.15
,9.87
,6.68
,13.60
,10.59
,13.83
,9.22
,7.24
,15.36
,8.93
,17.27
,37.65
,28.30
,22.47
,5.12
,10.32
,9.47
,8.75
,3.44
,18.76
,5.99
,13.67
,8.87
,11.97
,13.42
,6.86
,4.74
,7.65
,11.07
,13.80
,19.72
,15.80
,5.06
,7.30
,7.73
,7.22
,7.10
,7.27
,10.63
,13.06
,21.44
,18.13
,9.81
,12.66
,11.51
,14.58
,6.57
,15.29
,7.45
,18.00
,9.04
,9.38
,7.15
,7.13
,7.92
,11.65
,11.81
,14.59
,10.30
,16.30
,8.77
,4.53
,7.09
,13.74
,12.77
,6.72
,17.36
,5.90
,16.58
,4.11
,4.49
,5.78
,9.03
,4.52
,20.59
,12.78
,17.27
,11.72
,9.82
,29.07
,4.68
,9.48
,13.12
,10.00
,7.56
,13.66
,16.44
,9.39
,12.14
,13.95
,5.31
,9.71
,9.60
,9.24
,9.06
,6.38
,10.93
,25.18
,11.46
,5.47
,21.43
,12.01
,11.04
,13.77
,15.13
,25.21
,9.95
,17.22
,16.59
,12.85
,5.42
,12.72
,8.02
,12.60
,14.08
,14.00
,7.46
,5.68
,16.49
,6.63
,17.85
,11.56
,5.54
,11.14
,8.04
,11.60
,10.07
,12.02
,10.42
,4.81
,12.51
,8.71
,6.20
,6.06
,14.97
,13.40
,23.41
,8.86
,10.05
,16.83
,10.17
,7.53
,9.39
,12.50
,5.06
,11.22
,16.25
,8.86
,16.34
,10.40
,21.24
,8.52
,9.01
,23.96
,12.70
,12.14
,6.54
,10.40
,5.95
,27.76
,12.90
,8.24
,9.40
,8.51
,23.42
,12.73
,5.74
,2.87
,13.74
,5.91
,6.42
,4.97
,12.08
,10.17
,9.13
,8.18
,11.42
,4.27
,11.19
,7.30
,9.75
,14.96
,12.07
,6.87
,5.00
,8.17
,14.26
,15.16
,29.54
,33.34
,5.51
,8.19
,7.81
,2.72
,11.64
,8.74
,7.87
,11.50
,7.60
,2.50
,7.31
,15.30
,4.75
,13.58
,13.42
,13.64
,17.44
,12.58
,7.08
,7.17
,14.67
,11.07
,10.20
,12.13
,8.26
,15.97
,26.74
,9.94
,5.49
,22.74
,21.19
,6.08
,11.70
,34.04
,14.99
,7.76
,10.87
,6.14
,4.10
,8.31
,5.78
,6.40
,13.95
,8.62
,8.83
,10.98
,12.81
,8.72
,6.26
,12.59
,11.49
,4.73
,18.83
,8.58
,4.28
,7.65
,11.60
,11.86
,6.59
,35.91
,14.28
,6.25
,10.30
,7.69
,11.44
,9.39
,12.75
,6.24
,8.73
,9.23
,12.01
,9.95
,6.56
,7.77
,8.33
,12.60
,13.85
,11.15
,14.06
,3.87
,14.41
,6.18
,8.90
,5.51
,13.55
,19.80
,9.76
,10.10
,10.24
,3.67
,7.55
,16.01
,13.40
,7.61
,5.65
,11.20
,17.25
,31.57
,21.72
,6.68
,8.49
,9.63
,10.76
,11.73
,7.67
,8.05
,2.87
,7.26
,24.26
,8.21
,17.81
,6.23
,8.86
,8.27
,20.42
,6.40
,8.56
,11.03
,9.86
,8.22
,6.37
,16.35
,4.39
,9.08
,6.94
,3.38
,10.52
,7.98
,11.51
,13.89
,10.17
,3.67
,9.10
,25.91
,4.78
,10.41
,13.23
,10.53
,2.59
,9.56
,10.60
,5.17
,13.84
,14.88
,10.47
,9.55
,9.17
,7.37
,6.90
,15.67
,4.39
,18.65
,13.69
,7.21
,13.25
,8.23
,11.34
,9.25
,12.87
,5.27
,9.09
,26.20
,13.56
,7.25
,16.76
,4.17
,5.90
,9.52
,5.57
,6.71
,11.48
,9.71
,13.11
,17.17
,8.64
,14.63
,13.24
,12.07
,6.40
,11.00
,9.71
,13.00
,9.34
,12.92
,9.67
,6.08
,17.95
,11.36
,13.38
,10.36
,15.30
,11.39
,10.13
,11.47
,5.73
,7.76
,5.51
,14.27
,27.02
,15.99
,15.09
,2.64
,13.29
,21.30
,13.97
,18.85
,12.70
,12.37
,10.31
,5.12
,6.22
,10.15
,10.00
,7.96
,12.21
,7.07
,5.67
,17.47
,8.43
,6.62
,6.62
,18.56
,5.84
,2.87
,13.29
,14.68
,6.05
,2.05
,6.81
,10.88
,20.52
,6.72
,13.13
,4.63
,7.69
,14.88
,11.01
,12.46
,18.21
,10.65
,11.09
,8.37
,35.77
,10.44
,14.14
,10.20
,4.88
,2.55
,11.04
,22.64
,27.03
,13.00
,10.51
,15.09
,6.11
,8.24
,5.05
,8.01
,12.92
,5.07
,10.67
,18.71
,12.52
,5.07
,23.04
,6.64
,13.83
,9.84
,6.75
,9.16
,49.55
,8.30
,8.91
,5.95
,37.82
,26.98
,13.92
,6.86
,9.97
,19.59
,14.14
,6.12
,15.86
,9.64
,16.58
,10.68
,3.89
,8.12
,18.78
,16.00
,4.59
,14.71
,7.50
,17.65
,11.98
,5.96
,6.22
,4.80
,9.17
,4.02
,15.33
,10.32
,10.59
,5.05
,14.89
,7.97
,7.83
,13.30
,8.06
,9.77
,11.75
,4.09
,8.10
,7.50
,7.24
,15.42
,5.11
,12.34
,17.53
,6.95
,8.66
,10.07
,10.35
,10.25
,9.29
,6.65
,19.01
,3.80
,5.62
,25.07
,6.58
,8.64
,16.62
,9.38
,12.46
,20.19
,14.25
,10.47
,24.97
,9.77
,28.40
,15.90
,12.23
,9.07
,14.79
,3.34
,13.17
,8.47
,13.88
,10.56
,7.29
,13.06
,2.72
,12.85
,8.65
,8.25
,5.35
,10.61
,8.92
,10.26
,13.80
,16.17
,10.02
,10.19
,10.69
,8.81
,8.55
,13.71
,4.93
,11.79
,11.45
,10.62
,5.67
,16.98
,8.55
,13.40
,10.46
,9.13
,8.73
,17.58
,15.63
,16.54
,7.23
,6.68
,13.11
,12.60
,20.62
,13.43
,8.84
,18.44
,9.31
,11.14
,14.72
,12.81
,9.98
,14.39
,21.67
,9.27
,16.82
,9.68
,11.63
,8.19
,4.50
,12.22
,15.03
,15.00
,19.17
,16.20
,13.52
,14.08
,4.52
,9.64
,18.87
,12.57
,10.45
,14.33
,9.26
,24.26
,14.97
,19.81
,17.07
,10.43
,13.25
,7.79
,38.71
,16.96
,13.45
,12.74
,14.76
,19.59
,10.59
,16.61
,6.30
,8.34
,11.77
,17.41
,7.66
,11.06
,14.97
,11.26
,8.01
,6.18
,10.11
,10.17
,15.61
,6.02
,24.65
,22.81
,13.81
,5.68
,4.31
,6.46
,6.53
,6.32
,5.99
,11.57
,11.83
,11.72
,17.46
,20.34
,20.92
,26.61
,17.86
,5.89
,20.67
,30.58
,4.70
,13.50
,4.59
,12.35
,6.72
,12.97
,8.22
,9.88
,12.10
,9.98
,16.13
,5.57
,6.42
,15.83
,8.13
,8.21
,6.65
,2.60
,16.17
,11.91
,8.93
,2.55
,5.72
,18.04
,9.74
,8.67
,11.29
,20.49
,8.31
,24.17
,8.81
,8.95
,34.58
,14.60
,7.28
,4.26
,16.90
,31.00
,6.60
,9.05
,12.36
,4.08
,8.82
,9.04
,3.70
,9.97
,14.28
,16.21
,9.36
,8.52
,14.66
,9.44
,11.59
,5.45
,16.81
,18.74
,11.89
,10.13
,14.32
,7.30
,11.67
,9.89
,11.54
,5.07
,27.44
,7.27
,11.21
,6.86
,32.12
,12.30
,5.68
,17.13
,31.15
,27.19
,8.39
,12.99
,9.26
,6.51
,19.81
,6.72
,8.72
,28.74
,5.84
,6.90
,15.43
,11.28
,7.86
,16.43
,13.67
,12.15
,27.01
,20.34
,16.84
,10.73
,16.72
,13.84
,17.96
,14.61
,10.50
,23.97
,9.26
,13.02
,9.11
,6.77
,10.77
,14.52
,8.47
,43.28
,11.83
,10.45
,9.09
,13.18
,11.49
,13.62
,12.05
,3.79
,9.20
,11.02
,11.76
,8.49
,15.16
,5.68
,8.44
,21.65
,5.96
,10.01
,5.00
,5.60
,11.38
,7.12
,11.12
,9.64
,10.60
,16.03
,9.26
,14.11
,3.31
,2.27
,8.04
,5.25
,7.49
,8.87
,6.46
,8.54
,13.56
,13.11
,6.91
,7.85
,21.60
,4.17
,7.83
,11.52
,8.01
,4.71
,5.25
,12.41
,8.86
,7.25
,5.44
,27.58
,14.18
,10.16
,4.56
,17.73
,10.90
,13.85
,6.85
,3.50
,4.59
,3.42
,4.10
,20.90
,15.77
,10.56
,8.65
,11.07
,9.96
,14.46
,9.43
,16.40
,5.01
,10.00
,15.11
,14.23
,8.85
,9.23
,11.51
,14.41
,6.03
,5.81
,6.16
,10.75
,19.08
,6.94
,10.70
,16.86
,4.84
,5.68
,17.83
,11.00
,17.44
,9.60
,9.56
,14.33
,15.70
,10.72
,8.83
,19.88
,7.94
,7.78
,17.04
,28.50
,12.09
,5.35
,16.57
,12.83
,11.12
,4.66
,21.78
,15.43
,17.15
,10.93
,14.32
,15.55
,11.29
,24.73
,12.09
,9.21
,16.65
,12.64
,6.57
,7.03
,7.63
,21.90
,14.25
,7.04
,5.12
,22.46
,4.16
,29.32
,6.20
,8.43
,16.20
,26.59
,5.55
,7.80
,8.59
,11.30
,10.87
,27.25
,13.81
,7.50
,20.07
,13.13
,2.80
,9.60
,15.03
,11.11
,11.52
,14.67
,6.63
,9.44
,11.43
,31.32
,18.14
,4.63
,9.81
,11.99
,17.22
,18.28
,7.72
,18.88
,9.90
,4.26
,5.65
,10.79
,6.65
,11.88
,7.60
,7.15
,7.59
,13.06
,18.68
,7.10
,13.46
,11.66
,12.10
,7.26
,10.64
,11.69
,12.91
,22.22
,12.10
,5.18
,10.54
,11.85
,9.39
,12.26
,25.64
,10.57
,7.29
,12.00
,17.12
,12.67
,15.42
,4.41
,3.96
,13.01
,10.72
,23.23
,7.11
,4.83
,8.36
,14.01
,14.57
,6.42
,8.86
,6.53
,36.00
,7.65
,12.05
,8.47
,10.45
,7.12
,8.88
,7.46
,36.31
,10.35
,27.70
,12.98
,10.90
,4.37
,9.63
,9.35
,9.80
,8.26
,7.38
,18.29
,7.95
,7.92
,5.08
,8.86
,13.00
,10.41
,11.29
,10.93
,24.69
,7.47
,10.73
,7.74
,10.51
,12.02
,17.62
,7.88
,5.71
,30.58
,19.30
,19.15
,8.01
,6.80
,7.90
,7.65
,7.30
,15.82
,14.73
,8.03
,10.55
,9.16
,7.33
,17.42
,19.11
,6.67
,5.57
,6.79
,12.07
,3.82
,9.22
,9.84
,4.59
,12.46
,8.40
,5.75
,26.25
,7.26
,9.29
,16.91
,10.69
,12.42
,5.53
,10.61
,8.71
,11.41
,13.52
,9.96
,8.15
,14.97
,9.94
,21.33
,20.07
,6.36
,10.72
,12.07
,7.67
,38.25
,10.59
,6.60
,10.78
,12.86
,9.13
,21.19
,8.52
,9.97
,18.43
,18.33
,30.99
,7.77
,9.95
,12.47
,6.42
,7.79
,10.22
,8.28
,14.00
,11.28
,12.98
,17.06
,7.80
,30.44
,6.28
,6.34
,14.53
,19.19
,6.67
,7.50
,11.22
,7.59
,14.32
,14.99
,17.78
,9.95
,9.44
,13.56
,6.94
,19.15
,12.01
,12.31
,11.52
,9.06
,6.57
,9.39
,7.00
,8.43
,15.84
,8.76
,15.69
,7.29
,18.92
,18.89
,24.56
,9.38
,10.67
,5.76
,8.99
,21.41
,3.25
,8.81
,3.59
,7.21
,16.04
,9.66
,11.05
,7.67
,13.22
,6.71
,15.51
,12.41
,12.41
,13.58
,16.51
,10.39
,14.45
,6.18
,11.25
,2.47
,18.92
,20.98
,12.50
,9.96
,5.97
,16.41
,5.54
,17.75
,17.44
,15.89
,20.47
,13.25
,5.39
,7.39
,15.36
,10.59
,5.70
,22.02
,12.74
,8.67
,10.22
,12.33
,11.40
,16.20
,9.09
,14.62
,4.46
,19.85
,9.96
,8.39
,8.12
,3.96
,4.83
,10.71
,18.82
,2.15
,9.47
,32.71
,26.52
,10.28
,10.63
,17.71
,7.29
,4.33
,15.43
,11.98
,3.40
,18.27
,6.14
,5.39
,15.64
,9.13
,11.73
,16.49
,9.89
,11.20
,30.63
,19.95
,6.23
,20.59
,13.93
,9.25
,14.01
,5.79
,3.52
,5.68
,9.85
,7.72
,4.07
,16.28
,18.30
,10.27
,14.45
,10.85
,8.95
,11.30
,11.37
,9.05
,13.92
,7.40
,11.17
,8.08
,31.42
,7.56
,5.44
,30.42
,17.22
,10.75
,13.95
,8.92
,10.25
,15.99
,6.32
,11.37
,14.73
,14.30
,12.78
,10.48
,10.59
,11.33
,6.02
,11.75
,11.82
,5.40
,10.95
,16.66
,18.63
,9.47
,5.99
,12.86
,15.35
,18.11
,5.68
,9.61
,16.09
,11.14
,6.94
,11.92
,5.79
,16.63
,9.21
,7.57
,36.66
,4.52
,10.08
,6.26
,13.28
,8.53
,12.30
,7.70
,13.31
,11.17
,21.16
,6.21
,18.82
,5.30
,12.48
,18.49
,1.43
,5.34
,18.07
,7.26
,7.42
,6.29
,12.39
,21.62
,13.14
,6.99
,8.61
,12.84
,12.52
,11.38
,5.56
,12.32
,7.51
,10.07
,7.16
,8.60
,18.64
,46.48
,15.43
,11.09
,6.05
,17.27
,7.30
,8.46
,5.33
,14.47
,17.13
,12.75
,12.15
,9.79
,11.72
,7.37
,17.57
,7.07
,12.96
,21.65
,5.74
,21.13
,4.79
,19.15
,9.20
,21.19
,11.28
,13.76
,4.97
,17.70
,11.30
,13.83
,9.33
,26.53
,18.39
,18.64
,3.71
,13.97
,9.25
,15.99
,7.01
,13.79
,10.59
,7.03
,14.18
,22.61
,12.75
,8.78
,22.86
,8.28
,13.52
,5.12
,8.67
,11.11
,17.75
,7.23
,3.54
,13.03
,7.67
,8.45
,18.52
,12.25
,10.16
,16.56
,15.16
,10.70
,14.75
,11.02
,15.91
,14.59
,14.98
,23.07
,13.11
,17.33
,10.99
,3.67
,5.57
,7.19
,9.25
,16.83
,4.15
,14.42
,11.97
,8.75
,11.76
,11.58
,20.03
,8.62
,11.64
,6.38
,14.48
,7.02
,15.09
,14.65
,7.22
,5.96
,8.71
,7.79
,5.92
,5.65
,12.36
,9.48
,14.26
,10.28
,13.60
,12.91
,12.10
,6.05
,24.96
,7.48
,7.00
,34.75
,9.79
,9.60
,12.45
,20.03
,12.19
,12.60
,10.65
,11.67
,17.10
,12.19
,5.86
,7.00
,13.40
,10.64
,20.27
,18.75
,6.39
,7.58
,14.42
,8.76
,13.66
,11.21
,19.25
,5.17
,8.90
,9.71
,11.93
,2.84
,6.21
,12.08
,15.55
,17.25
,9.52
,14.15
,8.77
,13.57
,7.29
,6.93
,10.86
,9.26
,6.90
,10.23
,16.98
,4.61
,8.55
,10.00
,8.57
,15.31
,10.84
,8.60
,11.13
,9.62
,6.33
,5.17
,9.70
,9.91
,8.53
,8.32
,16.83
,20.05
,12.30
,9.11
,2.43
,13.74
,7.21
,11.53
,4.85
,9.34
,16.10
,11.85
,13.57
,7.92
,5.81
,7.05
,7.71
,6.25
,14.04
,39.87
,10.83
,6.79
,12.11
,10.26
,10.56
,3.20
,10.23
,8.01
,11.05
,21.53
,18.22
,11.59
,17.96
,5.77
,10.80
,7.94
,6.43
,15.16
,5.32
,8.50
,11.13
,31.83
,10.24
,28.18
,9.71
,10.43
,17.85
,6.02
,10.03
,17.01
,29.44
,23.51
,10.12
,7.75
,10.30
,12.09
,15.68
,5.22
,6.71
,11.26
,12.46
,13.58
,5.42
,7.03
,9.97
,5.80
,11.60
,10.59
,10.70
,25.97
,4.12
,3.62
,9.23
,4.26
,15.03
,8.18
,14.85
,11.13
,13.35
,6.59
,9.84
,14.26
,12.80
,9.75
,4.44
,5.76
,8.25
,8.66
,19.73
,5.81
,8.49
,12.84
,4.59
,6.93
,10.17
,5.64
,14.97
,17.94
,10.77
,15.70
,10.20
,17.83
,8.03
,9.65
,5.60
,19.50
,17.37
,3.01
,6.25
,6.07
,17.30
,7.08
,11.27
,9.05
,7.82
,8.55
,7.61
,7.24
,15.43
,13.29
,23.32
,10.45
,8.65
,7.39
,11.66
,5.58
,4.54
,15.13
,14.33
,35.69
,5.30
,18.14
,5.67
,15.41
,5.61
,20.48
,3.85
,17.95
,13.64
,4.66
,12.76
,22.45
,19.53
,14.85
,4.01
,7.16
,10.85
,7.68
,22.42
,6.05
,9.10
,6.78
,34.04
,12.84
,14.78
,11.78
,10.64
,9.21
,4.12
,12.90
,5.45
,7.48
,12.15
,1.29
,13.87
,21.42
,12.39
,4.76
,13.85
,13.24
,11.65
,12.19
,15.33
,7.48
,7.55
,13.69
,5.34
,13.83
,13.95
,14.52
,13.58
,14.59
,10.00
,12.12
,13.19
,6.40
,5.93
,10.23
,11.45
,5.37
,4.37
,13.90
,6.91
,11.19
,7.67
,8.49
,13.60
,12.45
,7.94
,5.86
,30.93
,8.87
,24.48
,5.63
,8.34
,19.32
,13.56
,10.80
,11.58
,14.53
,12.37
,8.27
,7.93
,9.10
,2.71
,8.42
,10.13
,5.94
,14.06
,15.63
,13.85
,14.66
,8.56
,5.83
,8.48
,4.51
,13.68
,15.17
,10.96
,9.89
,3.93
,18.18
,5.69
,11.17
,6.27
,7.75
,12.99
,7.41
,7.93
,12.07
,6.16
,11.04
,8.84
,12.97
,10.57
,16.25
,6.48
,16.22
,5.87
,12.88
,23.83
,11.32
,6.06
,12.68
,12.52
,15.06
,7.18
,28.44
,5.85
,6.99
,8.79
,14.14
,8.65
,4.38
,6.06
,6.92
,17.96
,18.08
,5.89
,9.70
,9.15
,9.52
,9.28
,9.55
,18.32
,9.19
,9.25
,24.75
,11.36
,9.81
,12.21
,15.00
,18.12
,11.52
,14.89
,6.97
,31.58
,11.35
,14.48
,4.05
,15.90
,10.25
,7.76
,13.46
,7.88
,11.86
,8.46
,7.28
,6.05
,8.67
,11.96
,6.27
,20.84
,24.12
,10.80
,9.33
,7.28
,8.58
,7.10
,7.21
,9.45
,21.15
,3.67
,10.70
,11.44
,3.53
,11.71
,3.78
,12.21
,11.37
,16.14
,6.08
,7.07
,6.76
,9.71
,28.77
,5.30
,8.77
,5.47
,5.94
,9.01
,8.93
,26.35
,8.45
,5.49
,17.88
,10.38
,7.58
,5.93
,11.69
,9.50
,8.74
,4.93
,8.69
,10.80
,5.96
,14.62
,28.16
,12.56
,17.51
,10.94
,10.53
,12.30
,17.12
,15.79
,21.32
,7.93
,7.83
,8.28
,8.94
,11.71
,7.90
,8.08
,9.50
,13.94
,12.18
,5.27
,11.61
,6.28
,2.78
,5.56
,15.49
,6.79
,7.77
,11.69
,14.00
,15.30
,12.44
,12.10
,13.50
,7.37
,13.87
,9.54
,10.38
,8.63
,3.82
,10.48
,12.68
,9.39
,8.76
,4.75
,28.11
,5.37
,15.03
,10.96
,13.59
,6.48
,4.25
,10.79
,9.53
,4.72
,22.67
,5.03
,10.80
,3.50
,7.82
,9.87
,18.21
,8.69
,13.24
,12.54
,6.25
,47.53
,14.38
,4.14
,10.91
,6.45
,6.11
,12.83
,21.03
,9.23
,16.13
,5.94
,16.24
,8.03
,28.93
,22.16
,13.25
,12.23
,16.62
,12.38
,5.21
,17.70
,25.84
,18.84
,12.87
,12.04
,14.27
,10.52
,13.42
,10.47
,8.80
,4.55
,12.82
,6.51
,8.86
,6.93
,7.43
,11.94
,13.32
,7.92
,8.87
,11.92
,6.75
,25.43
,8.01
,5.23
,17.00
,17.39
,9.24
,8.39
,13.80
,35.18
,4.84
,8.83
,9.26
,8.97
,10.88
,7.69
,6.60
,6.40
,12.64
,3.23
,7.84
,16.16
,5.43
,19.10
,5.61
,6.97
,7.00
,9.26
,8.50
,30.89
,12.98
,24.48
,6.57
,9.45
,6.05
,22.44
,23.42
,11.81
,8.29
,7.20
,12.26
,7.49
,7.70
,8.05
,16.68
,7.06
,13.22
,12.90
,31.18
,7.36
,15.57
,12.63
,12.83
,4.55
,1.55
,14.05
,4.08
,4.37
,27.74
,9.60
,33.85
,14.40
,4.32
,4.75
,15.30
,35.77
,6.97
,4.55
,14.68
,12.18
,6.64
,6.79
,9.33
,6.22
,4.47
,12.76
,11.17
,12.93
,18.22
,11.09
,5.98
,18.37
,18.45
,10.38
,28.00
,9.60
,16.91
,11.16
,9.21
,9.34
,9.43
,12.42
,10.80
,5.78
,17.37
,13.34
,9.32
,37.96
,19.61
,9.53
,8.86
,19.04
,7.40
,16.47
,11.81
,11.20
,23.49
,19.96
,11.89
,16.64
,5.42
,11.17
,14.06
,8.86
,9.76
,5.65
,7.16
,10.93
,5.19
,13.32
,9.69
,8.42
,18.64
,9.66
,12.04
,20.87
,24.03
,9.49
,14.54
,7.19
,21.98
,15.85
,20.91
,46.37
,18.30
,8.90
,7.67
,11.18
,11.05
,19.70
,10.47
,41.58
,14.36
,6.61
,13.17
,8.43
,26.28
,11.77
,8.33
,15.44
,6.37
,5.58
,5.33
,33.87
,9.27
,8.58
,10.99
,6.49
,7.02
,14.93
,6.36
,10.43
,9.79
,12.03
,12.82
,12.81
,8.68
,23.93
,12.05
,5.67
,16.11
,13.52
,27.80
,9.73
,10.76
,2.89
,8.72
,9.31
,20.85
,12.74
,6.90
,17.22
,13.51
,9.00
,7.22
,29.11
,14.22
,8.53
,8.89
,9.89
,6.71
,9.13
,7.75
,4.55
,10.06
,20.32
,13.29
,12.36
,13.99
,13.44
,8.57
,9.12
,5.28
,11.02
,15.79
,9.05
,16.74
,8.02
,13.36
,10.12
,13.99
,18.46
,11.87
,11.28
,8.67
,9.70
,7.05
,11.97
,12.96
,13.09
,9.38
,5.55
,8.18
,5.21
,4.47
,5.51
,8.76
,6.06
,8.01
,11.19
,11.35
,15.13
,7.35
,8.55
,7.00
,5.30
,7.79
,12.71
,26.50
,33.04
,25.88
,10.71
,25.97
,14.59
,8.85
,7.18
,10.05
,6.69
,11.87
,16.24
,17.34
,8.61
,7.49
,16.22
,2.80
,8.76
,8.10
,5.44
,18.45
,7.45
,10.95
,8.37
,15.74
,6.61
,14.25
,6.99
,11.11
,7.79
,7.09
,9.13
,24.80
,15.49
,12.90
,5.27
,5.91
,10.38
,2.21
,10.60
,8.05
,11.70
,5.08
,16.10
,8.35
,13.06
,7.53
,11.35
,8.28
,4.79
,10.92
,12.39
,15.51
,11.65
,9.86
,8.12
,10.79
,12.12
,12.41
,12.67
,10.38
,8.92
,15.91
,1.49
,12.78
,4.19
,5.13
,11.16
,7.99
,7.18
,14.87
,4.68
,3.62
,9.06
,3.70
,9.67
,10.88
,8.48
,4.48
,6.49
,7.27
,12.14
,4.78
,5.14
,5.77
,17.96
,10.96
,11.39
,15.52
,10.50
,8.94
,6.79
,10.34
,11.78
,9.88
,7.08
,7.30
,10.85
,4.67
,19.30
,9.94
,9.71
,7.72
,6.62
,8.16
,8.51
,9.02
,7.69
,14.71
,7.20
,7.89
,11.25
,7.60
,4.26
,11.31
,29.57
,10.52
,30.45
,15.58
,3.03
,12.36
,8.09
,20.77
,8.43
,6.70
,12.42
,13.31
,6.56
,1.17
,11.03
,2.94
,5.24
,13.32
,9.19
,20.93
,8.34
,10.24
,14.32
,26.80
,10.46
,5.85
,17.10
,15.25
,13.14
,5.76
,10.70
,14.85
,12.49
,7.41
,8.51
,8.06
,4.40
,9.49
,9.34
,6.40
,5.29
,14.31
,8.14
,12.51
,11.97
,24.79
,9.00
,15.67
,6.73
,7.96
,16.29
,9.88
,10.59
,12.30
,18.21
,8.96
,8.71
,3.60
,9.32
,7.96
,6.55
,11.82
,14.94
,26.44
,9.12
,1.21
,15.35
,18.77
,7.63
,20.32
,13.15
,11.64
,22.44
,10.30
,5.11
,18.80
,13.61
,16.88
,6.33
,7.69
,13.10
,13.52
,11.78
,9.98
,9.90
,17.00
,2.53
,6.45
,9.98
,3.86
,10.24
,6.83
,10.58
,12.08
,17.29
,26.08
,5.69
,9.90
,9.93
,8.76
,9.93
,15.11
,12.20
,17.03
,8.18
,10.89
,7.96
,6.59
,12.61
,16.60
,10.28
,19.59
,14.18
,9.79
,17.10
,11.44
,19.88
,7.34
,10.48
,12.88
,6.33
,10.24
,9.93
,8.56
,20.93
,7.53
,23.27
,23.15
,10.12
,9.00
,7.07
,5.71
,12.71
,11.83
,2.74
,30.00
,9.99
,8.96
,4.88
,22.70
,12.16
,11.71
,14.09
,8.20
,6.75
,15.45
,9.06
,14.80
,5.69
,13.32
,13.07
,9.12
,5.26
,8.63
,5.13
,11.36
,18.32
,12.81
,17.10
,6.52
,5.04
,10.55
,6.77
,29.24
,5.99
,7.65
,11.61
,5.28
,5.79
,13.59
,11.57
,9.21
,9.28
,11.07
,34.04
,17.88
,9.10
,20.97
,5.52
,7.50
,5.67
,3.95
,6.95
,11.88
,2.46
,14.56
,18.53
,9.71
,11.08
,4.44
,14.42
,4.86
,6.15
,7.15
,15.25
,16.70
,12.91
,9.36
,9.35
,5.80
,7.58
,10.79
,11.65
,4.19
,9.01
,4.88
,6.02
,27.58
,11.08
,7.11
,30.45
,8.53
,9.87
,12.19
,8.12
,5.64
,7.30
,13.53
,8.26
,18.28
,38.90
,11.25
,6.72
,9.78
,15.43
,10.14
,5.38
,14.03
,13.33
,15.62
,11.14
,20.02
,31.80
,10.32
,8.15
,12.23
,9.36
,8.19
,23.85
,11.00
,11.80
,9.34
,8.37
,10.73
,13.11
,2.92
,10.05
,10.16
,6.38
,39.94
,25.33
,3.74
,4.40
,7.20
,9.68
,3.31
,13.57
,14.19
,6.52
,12.51
,9.65
,4.66
,11.66
,9.75
,6.64
,9.71
,6.74
,8.14
,3.19
,14.27
,7.22
,6.69
,17.88
,2.93
,6.02
,10.38
,14.54
,8.81
,14.79
,30.89
,23.83
,4.39
,5.45
,13.76
,7.65
,5.04
,3.58
,15.67
,11.43
,8.05
,9.97
,13.24
,9.69
,8.90
,20.30
,7.45
,10.13
,14.65
,9.66
,11.68
,8.34
,7.58
,7.11
,6.76
,6.76
,7.12
,13.27
,12.59
,6.14
,6.15
,7.19
,4.02
,15.53
,8.95
,13.02
,19.83
,9.24
,12.81
,16.20
,3.89
,11.59
,7.95
,21.66
,12.12
,14.43
,4.75
,16.85
,6.34
,4.92
,18.07
,7.98
,18.24
,10.24
,8.79
,7.34
,7.16
,9.69
,33.44
,10.13
,8.88
,10.98
,8.17
,16.67
,5.55
,10.36
,15.50
,10.30
,16.62
,21.69
,7.22
,14.94
,8.81
,11.94
,3.48
,11.91
,9.27
,8.20
,8.85
,8.27
,5.08
,10.19
,11.82
,16.86
,25.19
,5.79
,11.16
,21.85
,7.82
,8.49
,5.77
,14.02
,6.09
,15.14
,8.50
,7.97
,5.55
,11.73
,5.31
,5.12
,8.54
,7.71
,9.96
,16.08
,7.01
,11.60
,2.35
,12.23
,10.40
,12.02
,9.97
,7.01
,7.82
,13.43
,20.89
,25.47
,16.81
,15.67
,7.93
,13.75
,29.99
,12.36
,10.60
,17.35
,10.12
,10.79
,9.11
,12.02
,47.55
,10.61
,11.75
,17.13
,5.49
,13.14
,12.94
,2.58
,12.24
,8.51
,11.37
,9.82
,11.91
,11.27
,9.44
,14.36
,17.03
,5.59
,8.92
,11.12
,9.70
,10.58
,13.19
,8.94
,15.87
,36.93
,5.26
,4.68
,8.48
,2.81
,6.21
,12.85
,21.17
,7.98
,26.93
,15.96
,19.86
,9.40
,6.62
,26.02
,13.05
,7.88
,10.52
,8.64
,3.05
,5.29
,3.10
,6.45
,10.74
,16.30
,6.75
,11.48
,12.35
,10.65
,11.91
,8.12
,7.65
,10.22
,19.15
,9.65
,10.40
,10.20
,13.16
,10.64
,5.41
,10.46
,10.35
,6.90
,5.54
,15.05
,5.60
,39.94
,6.63
,14.17
,10.23
,9.16
,12.00
,12.67
,11.81
,26.09
,4.94
,4.45
,24.02
,5.19
,6.86
,7.67
,9.24
,13.30
,7.41
,10.30
,17.32
,11.86
,5.24
,11.47
,8.37
,5.59
,5.74
,16.46
,21.83
,6.26
,30.75
,4.72
,26.29
,6.42
,19.41
,5.06
,8.02
,3.68
,6.73
,10.28
,6.00
,8.47
,2.22
,13.73
,10.63
,13.67
,7.93
,15.47
,13.12
,9.22
,5.97
,9.98
,10.94
,13.93
,13.05
,13.83
,7.53
,8.57
,17.42
,15.85
,9.12
,7.72
,14.33
,11.63
,6.41
,3.91
,4.47
,10.68
,40.18
,8.09
,12.40
,23.35
,17.85
,6.34
,17.65
,19.55
,12.50
,10.59
,23.79
,6.67
,5.85
,8.59
,25.55
,10.59
,8.55
,12.11
,10.96
,23.38
,21.30
,7.59
,6.32
,4.72
,11.60
,10.47
,15.68
,12.29
,11.57
,2.59
,25.45
,5.63
,9.12
,10.76
,18.52
,12.31
,8.55
,9.84
,8.52
,9.71
,9.09
,40.78
,4.25
,10.24
,6.11
,12.24
,9.47
,11.00
,6.59
,6.34
,6.81
,5.42
,7.99
,11.25
,24.01
,4.39
,6.92
,6.66
,7.52
,3.86
,6.96
,10.25
,11.89
,15.35
,9.07
,7.52
,11.22
,16.46
,5.87
,12.02
,5.62
,20.28
,4.95
,15.22
,14.46
,18.71
,7.48
,16.90
,3.81
,15.91
,14.66
,36.07
,5.56
,15.89
,6.80
,10.80
,4.94
,19.68
,21.15
,8.51
,6.94
,7.97
,7.13
,5.88
,8.24
,11.76
,10.37
,9.83
,19.48
,12.66
,7.50
,6.00
,7.03
,10.15
,11.93
,3.97
,17.43
,17.84
,27.27
,8.98
,7.90
,7.88
,24.80
,7.67
,9.35
,30.74
,15.93
,9.66
,18.09
,16.21
,16.95
,24.91
,36.63
,9.48
,13.62
,23.93
,9.28
,10.14
,10.98
,17.09
,5.84
,11.31
,10.85
,9.08
,24.09
,12.14
,8.91
,11.57
,11.35
,5.99
,7.24
,8.65
,5.92
,15.48
,11.75
,7.35
,7.11
,7.82
,27.00
,5.31
,26.04
,20.36
,8.09
,35.33
,8.32
,27.70
,12.94
,6.36
,9.38
,22.44
,12.58
,12.97
,25.72
,7.20
,16.88
,9.83
,14.97
,7.74
,8.86
,9.48
,13.16
,8.54
,11.10
,11.21
,14.75
,9.59
,13.30
,13.75
,26.98
,9.42
,3.60
,10.87
,4.37
,13.99
,14.50
,15.87
,8.57
,14.05
,11.36
,5.15
,7.87
,10.83
,19.18
,18.93
,12.51
,20.95
,4.59
,7.33
,7.95
,11.56
,5.12
,9.45
,26.33
,10.21
,10.43
,16.68
,15.65
,10.17
,3.17
,17.51
,4.39
,11.69
,2.45
,9.81
,13.62
,15.45
,5.70
,8.25
,7.07
,9.02
,8.35
,12.28
,8.57
,4.63
,10.41
,10.68
,25.10
,8.09
,12.12
,7.44
,11.42
,6.46
,22.29
,7.22
,9.40
,16.53
,31.69
,13.50
,22.10
,11.47
,3.62
,34.82
,4.79
,16.65
,15.54
,6.52
,5.75
,21.39
,16.19
,16.88
,16.52
,10.07
,20.90
,21.19
,18.07
,14.13
,20.22
,14.63
,7.52
,7.37
,18.03
,16.47
,10.93
,24.26
,16.10
,6.44
,3.85
,9.53
,9.89
,5.44
,7.41
,16.00
,7.03
,6.24
,12.52
,16.78
,6.39
,12.13
,9.11
,13.74
,7.36
,12.48
,12.18
,7.22
,9.27
,22.14
,5.48
,8.59
,9.67
,8.69
,14.02
,11.87
,12.44
,7.06
,6.28
,6.73
,17.66
,11.63
,7.37
,9.89
,11.33
,4.18
,8.90
,13.03
,19.32
,8.60
,5.35
,12.84
,6.83
,21.58
,10.35
,6.88
,9.75
,17.74
,4.64
,12.61
,8.26
,5.73
,8.15
,10.88
,10.03
,5.66
,6.88
,11.30
,18.76
,24.38
,18.82
,4.34
,6.29
,11.42
,15.25
,11.18
,10.82
,9.08
,14.57
,12.77
,21.55
,9.13
,26.24
,5.58
,6.30
,10.97
,12.65
,5.15
,11.50
,9.48
,20.81
,19.33
,11.23
,16.80
,6.95
,11.13
,3.86
,7.81
,11.76
,15.02
,8.76
,3.29
,17.03
,19.43
,8.12
,6.12
,6.42
,9.14
,9.44
,22.19
,13.36
,11.81
,2.86
,13.11
,12.25
,4.06
,7.08
,40.77
,6.25
,5.92
,4.31
,6.73
,5.80
,7.28
,15.91
,7.59
,10.68
,7.88
,35.48
,8.82
,10.80
,7.18
,8.80
,7.97
,9.19
,8.87
,7.34
,5.00
,9.06
,24.99
,5.65
,5.70
,9.03
,7.85
,10.29
,14.43
,4.97
,11.57
,6.69
,2.80
,8.95
,5.78
,22.08
,11.16
,9.54
,30.47
,19.31
,10.74
,27.10
,8.51
,6.66
,13.51
,38.68
,31.39
,10.73
,1.51
,5.61
,4.48
,15.24
,5.34
,21.84
,6.77
,9.00
,36.19
,11.21
,4.23
,13.22
,3.11
,7.29
,13.67
,14.79
,2.46
,15.06
,14.30
,9.78
,20.84
,6.15
,2.82
,9.91
,6.80
,10.12
,8.60
,5.05
,10.52
,10.00
,11.91
,10.26
,11.04
,20.88
,6.74
,27.51
,20.34
,8.21
,28.27
,7.97
,11.41
,13.01
,10.85
,12.67
,9.98
,10.41
,7.01
,6.57
,8.25
,7.06
,4.02
,4.75
,11.80
,14.97
,21.51
,14.35
,5.65
,8.44
,10.77
,9.93
,6.49
,7.73
,13.45
,15.72
,3.38
,8.05
,7.85
,7.67
,26.86
,8.72
,12.41
,10.41
,5.70
,10.05
,6.28
,27.23
,12.64
,7.67
,7.05
,7.03
,7.45
,4.34
,8.81
,12.35
,9.76
,14.50
,15.56
,16.02
,11.03
,26.72
,9.17
,8.10
,10.95
,9.18
,8.53
,20.96
,20.47
,14.82
,17.06
,19.52
,16.37
,9.18
,22.26
,7.06
,7.20
,13.15
,6.60
,8.33
,14.59
,11.54
,5.94
,10.86
,11.01
,10.49
,15.84
,7.98
,8.51
,8.56
,34.21
,27.31
,11.52
,5.84
,8.23
,9.07
,14.12
,9.54
,14.31
,6.25
,7.17
,13.21
,8.55
,8.96
,14.61
,14.42
,10.69
,4.55
,5.54
,8.18
,4.74
,15.27
,9.81
,4.91
,13.85
,2.62
,18.26
,8.63
,19.29
,8.89
,10.12
,9.49
,2.89
,6.90
,12.11
,10.68
,12.08
,2.74
,6.39
,5.95
,9.94
,9.87
,4.85
,9.07
,18.93
,17.27
,8.63
,7.16
,7.98
,6.99
,9.04
,9.65
,12.46
,9.00
,14.88
,24.61
,4.61
,18.60
,10.38
,7.15
,2.38
,3.20
,10.37
,12.59
,8.12
,9.92
,3.26
,36.66
,7.67
,10.24
,21.22
,8.54
,8.77
,11.08
,7.08
,7.48
,14.32
,4.85
,3.98
,21.76
,11.52
,7.96
,19.27
,27.51
,7.60
,7.90
,15.24
,8.73
,5.39
,20.35
,19.24
,8.32
,8.73
,43.58
,4.63
,17.82
,10.69
,12.62
,8.03
,8.88
,4.37
,11.36
,5.82
,5.22
,8.44
,9.84
,8.08
,14.52
,8.53
,6.39
,9.83
,9.57
,10.49
,10.58
,18.11
,4.94
,7.65
,9.18
,7.51
,9.04
,21.67
,10.45
,7.66
,6.05
,15.17
,18.33
,7.97
,8.13
,13.18
,25.46
,9.29
,13.19
,18.40
,25.65
,16.87
,9.26
,6.49
,7.01
,4.00
,8.67
,9.81
,6.04
,3.55
,19.62
,5.38
,4.30
,7.19
,7.75
,14.63
,7.92
,14.76
,5.08
,11.19
,6.44
,9.22
,5.16
,12.03
,7.41
,5.92
,6.05
,12.13
,10.48
,12.26
,12.08
,12.09
,9.24
,10.93
,9.05
,2.51
,19.83
,11.79
,8.96
,6.19
,4.25
,19.06
,13.58
,9.75
,14.52
,12.81
,15.84
,12.11
,6.09
,13.51
,7.54
,13.67
,2.94
,10.39
,14.33
,18.64
,28.22
,5.09
,11.23
,9.81
,5.29
,12.69
,12.86
,13.53
,6.59
,2.53
,5.41
,9.62
,12.83
,5.77
,3.61
,9.83
,18.98
,18.96
,16.78
,16.98
,8.73
,21.80
,18.23
,5.30
,47.31
,10.84
,16.46
,13.24
,12.02
,25.55
,16.45
,7.92
,8.85
,4.45
,3.48
,14.28
,16.17
,4.10
,10.49
,7.46
,19.26
,10.77
,6.59
,15.71
,26.69
,6.92
,6.81
,10.59
,30.73
,7.48
,8.56
,11.75
,14.50
,12.01
,9.82
,7.33
,7.14
,10.23
,14.61
,6.93
,6.32
,12.72
,8.53
,10.67
,6.94
,10.39
,14.92
,6.57
,9.22
,7.32
,8.54
,6.03
,8.73
,7.65
,17.44
,9.54
,5.54
,6.72
,9.82
,19.38
,12.00
,4.51
,10.43
,9.94
,7.85
,6.34
,8.88
,10.72
,17.52
,16.01
,8.28
,15.91
,13.50
,10.29
,14.71
,7.82
,13.78
,15.04
,10.58
,17.18
,10.94
,23.59
,10.13
,7.66
,6.54
,14.00
,1.48
,21.02
,5.98
,9.97
,10.08
,7.37
,13.57
,11.15
,14.58
,6.14
,10.63
,9.75
,11.45
,8.60
,19.17
,8.21
,4.46
,4.89
,12.58
,7.76
,7.96
,7.28
,9.44
,34.21
,7.55
,15.85
,28.96
,11.02
,13.32
,6.84
,10.06
,18.33
,10.27
,5.46
,11.25
,9.03
,19.76
,11.01
,10.78
,7.90
,4.15
,11.35
,11.17
,7.06
,6.54
,7.05
,11.26
,5.11
,6.77
,4.12
,8.90
,7.84
,6.19
,7.67
,6.48
,9.30
,20.02
,11.25
,18.59
,22.22
,17.75
,4.98
,19.23
,20.52
,5.02
,36.26
,10.58
,13.66
,7.05
,24.89
,3.31
,15.17
,6.81
,16.28
,6.58
,11.13
,7.80
,4.37
,17.66
,19.61
,6.45
,9.03
,14.97
,7.90
,10.09
,14.90
,15.81
,13.76
,11.21
,9.06
,18.52
,12.25
,8.39
,7.83
,7.96
,16.11
,23.88
,8.66
,6.52
,34.14
,6.13
,9.39
,7.42
,10.14
,6.33
,8.60
,10.98
,43.13
,2.93
,12.63
,4.89
,13.42
,6.53
,15.96
,15.63
,12.34
,14.55
,11.14
,6.06
,9.68
,11.28
,14.79
,15.51
,44.12
,7.60
,7.17
,10.06
,14.03
,16.41
,9.20
,9.82
,9.09
,7.16
,9.55
,7.44
,7.08
,5.96
,7.97
,11.52
,5.89
,5.02
,6.28
,23.01
,14.12
,15.77
,10.53
,8.67
,19.68
,11.13
,17.19
,10.78
,14.05
,8.01
,17.66
,10.16
,11.23
,11.40
,9.82
,5.50
,7.73
,32.77
,8.19
,8.31
,13.36
,6.13
,7.63
,8.59
,6.89
,9.67
,8.37
,5.10
,25.04
,13.32
,0.94
,8.25
,11.29
,6.78
,16.61
,7.61
,4.87
,9.00
,7.02
,12.01
,16.18
,10.43
,11.49
,18.56
,6.47
,19.71
,6.49
,6.57
,6.40
,12.43
,14.87
,11.76
,32.26
,8.54
,5.57
,24.10
,4.08
,10.02
,4.65
,16.27
,10.75
,8.12
,6.50
,8.69
,6.22
,10.77
,22.96
,8.64
,20.60
,5.01
,11.52
,12.42
,7.67
,16.99
,6.49
,6.98
,15.07
,10.50
,8.93
,8.56
,9.91
,13.42
,14.96
,5.31
,6.45
,7.08
,5.52
,13.23
,11.80
,8.63
,7.15
,17.09
,7.43
,37.88
,7.03
,12.93
,12.98
,3.41
,8.69
,4.94
,9.33
,2.18
,9.83
,8.51
,10.03
,5.03
,11.26
,17.38
,14.94
,8.09
,6.72
,24.82
,5.39
,7.28
,2.98
,24.51
,6.51
,7.11
,13.50
,8.11
,6.47
,3.89
,20.53
,13.92
,11.52
,4.28
,7.40
,11.01
,9.69
,6.17
,7.82
,8.55
,11.12
,2.50
,31.99
,30.17
,13.54
,10.28
,5.48
,5.74
,19.38
,9.33
,46.39
,12.71
,12.63
,13.48
,9.31
,18.62
,6.92
,13.97
,13.48
,10.87
,27.04
,1.83
,9.88
,6.82
,8.48
,18.34
,10.39
,4.82
,7.44
,15.27
,17.25
,9.47
,8.37
,9.90
,14.07
,22.27
,9.89
,9.86
,3.04
,24.48
,8.58
,7.94
,37.25
,16.41
,6.10
,12.15
,6.71
,15.95
,14.28
,10.65
,13.87
,5.10
,26.17
,2.86
,13.48
,8.64
,3.20
,6.61
,11.77
,5.09
,8.14
,8.87
,8.90
,12.50
,15.05
,3.65
,13.58
,12.42
,2.96
,11.92
,12.95
,6.65
,5.59
,19.85
,9.96
,7.85
,5.84
,8.12
,8.57
,10.50
,5.52
,14.57
,7.16
,19.48
,12.33
,4.05
,10.33
,12.36
,14.98
,13.46
,11.59
,5.36
,8.30
,13.72
,8.67
,4.04
,7.57
,15.29
,11.97
,10.51
,22.46
,15.40
,21.90
,12.49
,11.95
,11.21
,7.40
,13.27
,13.84
,8.53
,12.11
,13.38
,8.24
,11.08
,4.86
,7.02
,14.47
,17.78
,12.92
,11.51
,17.25
,12.50
,7.09
,5.72
,12.89
,9.32
,13.68
,14.45
,10.41
,9.41
,8.00
,7.88
,8.24
,11.81
,10.92
,7.06
,4.47
,11.38
,23.55
,4.39
,15.24
,15.27
,3.54
,3.83
,9.67
,16.98
,40.16
,5.66
,9.26
,13.58
,12.82
,7.69
,9.02
,15.29
,16.39
,8.96
,17.25
,9.03
,6.53
,10.89
,19.87
,6.29
,4.00
,8.46
,2.40
,2.86
,6.61
,12.46
,18.01
,15.84
,17.16
,11.76
,28.75
,6.32
,10.31
,12.03
,14.35
,3.46
,11.06
,9.25
,12.97
,6.98
,8.49
,6.03
,7.45
,6.35
,20.89
,4.39
,8.50
,4.32
,23.05
,18.76
,8.45
,10.22
,24.64
,7.10
,27.33
,13.74
,11.35
,8.52
,5.65
,19.57
,7.33
,5.87
,20.74
,11.22
,12.46
,10.03
,11.64
,10.80
,27.00
,6.08
,13.83
,17.76
,8.30
,12.72
,12.84
,5.72
,24.37
,6.45
,9.27
,6.84
,12.54
,8.36
,6.64
,17.63
,18.03
,10.30
,23.95
,10.54
,10.16
,15.86
,8.57
,10.53
,26.73
,14.88
,18.80
,12.86
,20.55
,10.17
,15.84
,4.09
,9.55
,7.79
,16.79
,9.83
,15.98
,7.39
,47.10
,7.07
,9.54
,7.92
,7.93
,11.33
,8.89
,16.50
,8.00
,15.99
,7.17
,19.73
,22.46
,13.48
,14.95
,13.02
,23.85
,15.86
,22.24
,13.06
,9.88
,21.06
,12.59
,6.93
,7.34
,11.03
,4.47
,18.64
,9.54
,7.10
,34.56
,11.53
,13.86
,6.72
,10.89
,3.39
,14.08
,10.60
,18.47
,13.33
,2.29
,10.07
,9.15
,10.20
,15.97
,6.67
,6.12
,22.08
,14.56
,20.52
,10.63
,9.48
,21.89
,7.71
,10.36
,12.75
,9.71
,8.87
,9.75
,14.32
,14.26
,6.11
,12.38
,11.37
,14.81
,6.87
,8.82
,11.58
,8.59
,20.76
,19.26
,12.89
,5.15
,22.34
,7.01
,6.18
,26.70
,9.58
,16.52
,20.29
,11.27
,7.39
,9.22
,7.67
,3.61
,8.15
,7.16
,8.32
,8.64
,15.42
,9.76
,17.04
,12.34
,2.78
,9.52
,8.15
,13.69
,9.64
,20.68
,4.19
,14.08
,15.65
,15.09
,1.80
,15.26
,31.49
,6.45
,15.50
,9.14
,11.25
,7.73
,19.37
,9.63
,10.68
,10.48
,15.11
,12.39
,12.03
,9.92
,9.53
,13.33
,11.00
,10.30
,19.46
,12.35
,12.91
,7.21
,6.22
,20.45
,17.42
,18.14
,9.85
,21.67
,20.39
,11.09
,7.35
,9.39
,10.10
,7.91
,8.77
,15.99
,12.52
,17.30
,6.55
,12.21
,6.83
,12.83
,11.08
,36.29
,10.90
,10.14
,5.86
,29.00
,7.63
,4.33
,12.64
,9.37
,18.73
,10.38
,17.99
,7.11
,7.84
,10.89
,21.64
,5.17
,19.21
,8.45
,8.77
,6.41
,17.95
,26.72
,9.29
,17.95
,15.02
,19.54
,7.12
,10.16
,6.82
,13.31
,15.18
,20.90
,4.74
,9.96
,7.86
,2.95
,12.83
,7.59
,6.90
,5.38
,5.35
,6.15
,30.51
,18.00
,16.99
,10.85
,7.38
,8.88
,10.33
,19.31
,17.07
,15.42
,6.28
,9.75
,18.85
,25.63
,6.32
,16.92
,11.67
,19.98
,5.85
,14.81
,11.73
,13.73
,11.57
,13.82
,20.39
,14.10
,6.80
,2.96
,16.70
,10.84
,27.61
,20.57
,34.55
,9.28
,11.92
,9.84
,13.65
,3.05
,7.18
,12.67
,16.41
,22.08
,11.97
,16.42
,12.45
,10.08
,7.55
,4.48
,8.53
,11.14
,10.31
,15.44
,17.71
,14.92
,14.46
,3.87
,9.92
,23.09
,11.18
,28.75
,10.61
,13.97
,20.27
,5.72
,5.05
,8.01
,9.63
,9.24
,13.37
,13.86
,5.93
,12.83
,8.53
,23.14
,9.20
,16.47
,14.95
,26.37
,8.60
,9.84
,8.63
,30.07
,14.56
,21.05
,23.91
,4.68
,13.59
,6.42
,5.85
,9.47
,5.64
,21.81
,4.41
,7.32
,19.14
,11.21
,8.87
,7.44
,15.94
,10.20
,12.90
,18.85
,8.98
,10.51
,13.93
,6.53
,6.06
,8.83
,39.26
,8.76
,6.34
,39.22
,9.98
,15.16
,6.92
,7.11
,11.87
,14.87
,7.23
,7.31
,17.26
,15.18
,8.20
,13.69
,14.41
,12.16
,9.17
,9.47
,13.98
,11.24
,18.21
,12.37
,5.18
,12.70
,8.93
,4.79
,11.50
,17.16
,5.89
,9.13
,11.63
,9.43
,8.45
,21.05
,24.92
,16.80
,20.74
,6.80
,13.44
,15.74
,23.78
,10.16
,8.21
,12.53
,14.20
,14.57
,28.33
,6.68
,17.37
,5.77
,11.09
,13.30
,27.54
,26.09
,33.87
,14.20
,14.45
,19.57
,21.46
,9.94
,12.14
,13.35
,10.94
,10.36
,5.21
,9.51
,3.13
,23.80
,16.94
,8.84
,14.19
,16.53
,8.94
,12.72
,29.76
,3.76
,9.87
,8.64
,8.30
,8.43
,10.11
,7.22
,19.94
,12.12
,15.36
,11.30
,11.58
,8.60
,16.52
,12.90
,6.25
,29.27
,7.40
,4.23
,11.22
,7.96
,9.10
,5.34
,7.30
,9.28
,12.18
,9.70
,16.25
,8.41
,6.38
,10.60
,24.74
,7.04
,13.28
,24.10
,4.36
,5.06
,22.74
,6.72
,21.64
,11.87
,7.85
,14.37
,18.90
,15.08
,9.26
,31.38
,12.03
,13.35
,15.97
,13.34
,12.50
,11.33
,16.18
,8.34
,22.79
,9.33
,11.89
,23.45
,19.57
,11.61
,11.66
,4.30
,12.21
,8.68
,5.63
,9.19
,7.45
,6.47
,14.07
,10.55
,15.68
,17.15
,7.95
,7.90
,16.40
,8.04
,11.93
,6.77
,7.62
,7.21
,5.82
,7.60
,18.50
,13.47
,16.76
,23.91
,14.89
,26.09
,9.78
,8.24
,5.37
,17.98
,7.70
,9.55
,5.43
,13.53
,12.51
,7.84
,8.25
,7.89
,16.52
,3.62
,16.04
,10.37
,3.74
,12.59
,15.18
,13.83
,7.76
,14.61
,5.80
,10.48
,6.96
,11.86
,9.78
,38.36
,18.48
,5.63
,20.70
,26.18
,14.99
,5.83
,17.65
,20.01
,6.99
,8.66
,11.67
,31.68
,19.63
,19.36
,16.35
,23.02
,18.20
,6.93
,21.78
,12.66
,7.25
,19.43
,7.81
,15.74
,18.95
,6.11
,15.34
,41.63
,7.64
,10.94
,8.76
,8.84
,5.81
,9.70
,41.79
,9.60
,27.73
,16.78
,29.21
,15.36
,6.49
,16.36
,23.82
,14.55
,13.10
,6.12
,12.21
,19.31
,16.93
,15.74
,8.29
,23.78
,7.25
,11.39
,20.42
,15.32
,4.03
,8.19
,24.88
,13.99
,12.77
,10.69
,13.98
,11.02
,5.00
,10.84
,25.35
,37.81
,24.60
,40.59
,30.59
,11.77
,16.59
,30.22
,12.16
,3.73
,19.83
,11.25
,15.93
,18.06
,11.26
,11.60
,9.79
,12.47
,14.00
,31.78
,7.14
,19.08
,18.60
,12.30
,17.05
,13.98
,4.39
,12.47
,13.51
,12.35
,11.35
,3.24
,12.63
,7.43
,14.38
,9.28
,11.44
,24.32
,12.67
,18.96
,23.98
,5.70
,16.31
,18.42
,10.13
,8.42
,7.53
,22.36
,15.71
,18.67
,11.83
,17.54
,21.71
,20.73
,8.08
,18.95
,28.32
,9.73
,14.62
,12.09
,8.77
,3.76
,9.35
,4.35
,21.04
,17.07
,9.79
,11.33
,12.83
,14.42
,5.93
,11.56
,9.33
,22.28
,19.64
,21.25
,18.46
,26.49
,9.63
,13.99
,11.49
,16.43
,14.05
,6.87
,10.44
,10.26
,20.91
,10.47
,16.06
,17.89
,8.56
,13.55
,16.81
,16.07
,18.53
,3.30
,3.54
,5.67
,15.08
,15.77
,13.88
,15.44
,20.86
,13.31
,7.01
,18.64
,9.27
,5.67
,15.29
,23.07
,10.27
,12.45
,5.92
,18.59
,15.26
,14.69
,9.53
,7.68
,11.50
,9.03
,7.73
,15.40
,5.90
,14.43
,14.43
,10.35
,21.98
,23.75
,6.70
,16.27
,9.87
,13.67
,4.75
,16.90
,15.03
,14.83
,15.64
,18.00
,15.13
,4.57
,9.73
,15.36
,16.25
,11.89
,6.16
,10.50
,19.95
,7.96
,18.80
,12.20
,12.50
,14.96
,15.06
,16.57
,17.04
,15.61
,6.72
,14.68
,18.49
,17.34
,10.51
,20.67
,4.59
,7.73
,20.35
,12.79
,15.09
,9.14
,16.09
,4.81
,9.24
,8.06
,12.28
,3.38
,18.75
,16.42
,5.90
,16.16
,9.69
,7.36
,14.30
,13.26
,10.57
,6.10
,7.53
,16.19
,16.62
,10.31
,18.36
,7.40
,12.53
,12.64
,6.53
,6.91
,16.16
,14.10
,11.44
,14.40
,13.08
,13.07
,8.04
,18.09
,10.61
,9.72
,12.84
,14.63
,9.88
,15.40
,17.76
,17.24
,20.88
,22.94
,12.29
,22.96
,8.07
,12.61
,11.21
,9.85
,5.74
,11.64
,16.37
,17.33
,14.86
,7.72
,17.21
,9.67
,8.92
,4.84
,26.36
,5.96
,17.06
,15.36
,10.14
,12.96
,9.81
,14.48
,9.55
,10.57
,20.91
,13.04
,22.36
,15.45
,8.07
,8.93
,21.93
,14.95
,9.73
,5.88
,20.73
,15.52
,11.10
,10.84
,14.32
,15.55
,6.87
,28.23
,15.37
,18.41
,16.94
,9.38
,9.71
,22.82
,11.60
,12.38
,16.05
,13.07
,9.84
,15.99
,14.22
,7.42
,9.98
,5.30
,7.44
,11.94
,7.82
,12.65
,16.46
,13.74
,10.22
,19.85
,12.33
,14.75
,14.62
,9.46
,5.45
,9.41
,20.04
,14.14
,11.96
,18.27
,10.78
,17.90
,14.95
,13.40
,11.00
,14.93
,6.87
,9.45
,10.40
,5.81
,7.10
,12.16
,15.16
,14.33
,5.59
,14.74
,7.72
,16.05
,18.47
,12.04
,7.04
,25.30
,7.25
,16.96
,9.75
,4.21
,11.84
,15.34
,8.58
,11.14
,10.12
,10.48
,13.07
,10.67
,8.74
,8.21
,4.97
,20.82
,11.96
,12.71
,10.70
,9.88
,12.34
,11.93
,12.13
,4.01
,10.11
,10.15
,14.35
,7.03
,8.19
,8.74
,20.50
,24.78
,19.59
,5.90
,16.55
,21.82
,19.39
,10.24
,4.29
,18.55
,20.26
,10.37
,9.67
,12.68
,17.15
,11.94
,10.02
,10.27
,14.69
,10.56
,18.56
,17.60
,18.37
,17.19
,16.29
,7.60
,10.23
,12.04
,10.08
,10.84
,6.40
,10.31
,10.85
,11.71
,11.82
,18.70
,13.36
,13.13
,25.12
,13.73
,17.14
,7.16
,15.47
,16.29
,6.67
,12.10
,10.56
,9.02
,19.33
,19.88
,25.03
,16.25
,10.73
,7.38
,15.22
,10.38
,14.48
,13.18
,13.10
,9.67
,16.34
,16.76
,3.82
,14.84
,17.36
,6.88
,14.43
,11.69
,10.21
,21.51
,11.16
,22.71
,16.14
,9.60
,8.19
,17.43
,10.92
,15.19
,11.61
,7.03
,12.26
,10.78
,16.96
,17.91
,8.68
,10.39
,15.87
,12.12
,16.50
,10.03
,13.97
,11.35
,20.56
,7.64
,8.59
,14.21
,9.90
,13.36
,12.99
,9.35
,18.72
,18.11
,16.15
,8.32
,11.44
,19.25
,8.16
,8.52
,13.35
,12.06
,6.25
,5.83
,12.71
,6.29
,16.51
,11.99
,6.40
,5.04
,10.70
,11.16
,14.99
,12.62
,17.98
,10.46
,13.69
,15.63
,14.54
,10.64
,13.85
,17.65
,11.33
,15.23
,15.56
,5.48
,11.50
,8.30
,11.04
,8.79
,14.54
,6.70
,22.36
,16.98
,9.56
,8.74
,14.87
,9.06
,7.24
,19.42
,7.32
,17.81
,14.85
,7.29
,16.24
,16.94
,9.64
,15.58
,9.79
,6.12
,16.99
,8.51
,18.76
,16.10
,20.25
,7.11
,17.11
,17.47
,13.67
,18.87
,16.78
,10.35
,7.53
,8.31
,10.23
,3.69
,9.29
,21.45
,11.48
,16.35
,13.70
,13.51
,17.74
,7.98
,7.85
,6.44
,12.81
,14.28
,12.84
,12.79
,17.80
,10.44
,9.35
,16.21
,19.77
,12.71
,13.69
,8.60
,9.83
,8.32
,15.19
,14.84
,9.58
,8.34
,10.48
,14.35
,16.75
,12.77
,17.64
,13.88
,13.22
,9.24
,11.48
,11.84
,20.43
,13.88
,16.98
,12.61
,19.33
,7.33
,9.40
,12.34
,24.75
,6.68
,11.96
,8.98
,6.62
,3.26
,8.39
,20.55
,16.81
,10.29
,9.36
,10.69
,13.69
,10.06
,9.37
,10.97
,11.26
,13.68
,11.95
,10.47
,10.52
,6.91
,11.45
,21.42
,11.08
,16.12
,5.38
,25.93
,6.72
,14.92
,14.91
,8.03
,8.58
,17.32
,9.46
,19.29
,18.06
,8.81
,19.98
,8.52
,8.68
,9.25
,2.66
,10.40
,15.26
,10.48
,9.37
,5.78
,3.09
,23.31
,11.82
,7.78
,9.11
,6.79
,15.88
,9.46
,11.20
,12.78
,9.63
,10.55
,17.35
,9.23
,18.22
,13.62
,8.89
,20.63
,4.42
,5.12
,13.81
,5.96
,10.06
,19.17
,10.59
,11.82
,14.90
,15.75
,4.43
,14.77
,16.52
,12.91
,11.56
,12.28
,11.07
,11.97
,6.64
,8.20
,7.73
,13.47
,9.43
,8.61
,13.10
,16.98
,7.84
,11.91
,14.90
,10.88
,13.07
,8.47
,7.54
,6.69
,6.74
,17.09
,20.52
,11.22
,9.34
,12.95
,8.38
,6.04
,9.07
,12.34
,8.95
,12.12
,9.49
,10.59
,14.26
,23.05
,9.19
,14.82
,9.93
,10.24
,11.37
,12.34
,4.69
,14.94
,17.38
,3.91
,21.85
,9.52
,14.44
,7.19
,5.86
,8.64
,12.56
,14.12
,7.92
,8.71
,8.32
,6.32
,6.48
,15.31
,10.15
,8.83
,9.91
,11.41
,9.79
,11.19
,9.41
,10.55
,4.75
,5.94
,5.32
,13.09
,12.60
,17.35
,9.94
,7.21
,8.66
,10.02
,6.47
,4.07
,11.29
,12.38
,7.43
,15.47
,8.49
,6.57
,25.94
,15.56
,11.66
,3.08
,12.83
,19.58
,8.70
,22.12
,12.43
,12.38
,17.81
,14.36
,4.93
,9.40
,13.59
,7.52
,23.46
,6.62
,11.15
,7.29
,10.43
,7.36
,12.45
,7.90
,7.46
,10.42
,12.15
,11.52
,10.23
,14.05
,15.71
,11.17
,25.12
,4.17
,3.42
,10.55
,7.70
,8.31
,9.48
,5.04
,6.79
,15.47
,6.09
,7.87
,17.01
,4.55
,10.20
,12.33
,11.41
,6.26
,9.18
,9.38
,6.64
,9.36
,9.13
,8.35
,18.45
,3.67
,3.58
,8.93
,14.17
,7.12
,9.16
,16.63
,11.82
,15.40
,11.37
,11.44
,2.73
,9.39
,13.20
,14.67
,11.81
,10.85
,11.92
,9.78
,3.95
,8.03
,12.47
,7.34
,8.38
,5.94
,6.96
,10.15
,12.53
,7.58
,13.43
,13.18
,12.00
,20.53
,23.04
,13.35
,12.36
,6.00
,17.71
,12.71
,4.25
,9.29
,9.37
,11.99
,11.23
,12.04
,7.78
,9.53
,8.27
,15.25
,8.73
,10.51
,13.37
,8.59
,9.35
,12.37
,10.14
,9.24
,8.95
,10.26
,8.86
,8.72
,8.30
,7.93
,6.63
,10.77
,9.55
,11.61
,12.26
,13.97
,14.56
,12.42
,17.77
,11.94
,6.03
,11.77
,6.01
,14.88
,21.21
,8.88
,8.68
,11.26
,11.23
,8.59
,13.95
,9.23
,9.86
,10.18
,11.63
,10.09
,10.03
,19.63
,14.40
,12.51
,7.11
,4.01
,13.76
,12.71
,9.41
,13.37
,12.24
,18.78
,8.66
,9.50
,23.28
,14.05
,8.44
,8.39
,7.61
,13.36
,8.31
,11.13
,7.25
,14.03
,9.11
,9.01
,10.52
,12.71
,9.26
,9.24
,11.86
,12.38
,15.46
,15.36
,7.10
,11.39
,6.12
,16.78
,6.90
,8.05
,14.15
,3.27
,10.07
,19.27
,20.70
,7.41
,13.25
,12.01
,10.03
,12.12
,8.61
,6.45
,1.89
,12.58
,12.04
,8.47
,11.14
,10.10
,5.97
,7.22
,6.73
,4.67
,17.49
,6.93
,8.57
,14.79
,2.29
,8.58
,11.69
,6.68
,12.36
,12.23
,9.52
,6.54
,15.25
,15.16
,8.28
,7.82
,5.69
,19.04
,15.26
,6.71
,7.94
,6.71
,18.03
,17.74
,15.42
,13.78
,8.92
,19.16
,7.32
,15.35
,9.45
,8.51
,4.81
,8.60
,12.90
,16.54
,12.71
,13.33
,16.37
,13.57
,20.51
,10.99
,13.58
,13.19
,13.98
,11.51
,12.42
,18.74
,15.44
,5.36
,21.22
,23.32
,21.14
,9.71
,15.15
,14.72
,15.92
,6.12
,11.04
,12.16
,14.56
,7.48
,12.90
,10.95
,15.64
,11.98
,6.69
,8.57
,4.32
,11.99
,8.57
,8.90
,19.24
,14.24
,16.60
,9.26
,9.32
,12.43
,24.03
,9.18
,6.82
,16.57
,17.77
,12.53
,9.28
,11.16
,23.96
,16.46
,18.01
,15.45
,15.63
,9.41
,15.50
,16.58
,4.28
,5.30
,13.06
,16.05
,17.92
,8.31
,11.15
,11.37
,18.90
,11.00
,8.06
,20.53
,11.74
,19.30
,16.83
,9.15
,5.87
,6.44
,7.27
,5.66
,9.07
,11.24
,17.82
,12.06
,11.21
,9.41
,15.62
,6.48
,16.26
,14.37
,14.27
,9.22
,17.17
,12.36
,11.68
,23.85
,16.09
,10.47
,13.73
,25.11
,13.47
,10.89
,12.01
,9.45
,18.84
,8.19
,8.89
,8.19
,15.54
,23.80
,15.04
,7.28
,4.27
,18.03
,5.68
,12.35
,9.05
,10.60
,16.94
,13.87
,10.02
,11.47
,17.19
,15.60
,6.22
,17.64
,14.49
,22.46
,3.65
,17.17
,14.57
,20.67
,7.90
,17.85
,11.03
,8.48
,10.01
,8.69
,15.33
,24.52
,9.97
,12.17
,5.95
,12.74
,19.67
,9.06
,17.32
,16.64
,10.61
,10.85
,17.87
,6.33
,2.26
,16.34
,17.60
,18.50
,12.71
,12.88
,17.83
,22.45
,16.51
,24.60
,27.45
,9.18
,10.39
,5.40
,9.07
,6.55
,3.27
,18.37
,21.13
,18.13
,7.50
,21.06
,18.76
,9.45
,9.86
,10.04
,17.44
,15.30
,13.31
,14.75
,7.28
,12.03
,18.78
,12.48
,13.53
,15.73
,12.76
,6.05
,18.83
,13.58
,16.13
,17.00
,10.48
,8.81
,5.64
,14.46
,5.89
,13.76
,13.58
,13.47
,12.20
,7.97
,17.39
,4.98
,13.50
,12.45
,11.08
,13.25
,5.87
,20.83
,11.15
,11.33
,12.84
,7.90
,14.23
,7.11
,7.33
,14.83
,5.39
,8.23
,14.02
,8.93
,8.75
,13.99
,15.30
,14.16
,16.78
,13.08
,11.26
,12.23
,5.18
,7.41
,13.04
,13.68
,11.23
,22.63
,11.71
,19.63
,13.12
,12.87
,4.32
,11.66
,7.18
,8.66
,5.43
,4.96
,16.43
,12.46
,10.62
,5.74
,12.70
,7.32
,12.07
,17.31
,11.96
,12.79
,7.30
,14.67
,13.56
,11.04
,8.36
,5.86
,3.81
,13.38
,16.56
,13.06
,16.96
,17.13
,8.94
,9.87
,10.73
,12.44
,14.50
,18.63
,5.03
,13.26
,12.97
,9.93
,22.39
,10.67
,12.93
,15.23
,14.44
,8.46
,8.95
,9.31
,13.98
,14.93
,15.63
,8.71
,17.09
,14.94
,17.22
,8.10
,11.20
,20.96
,13.18
,15.90
,11.73
,18.10
,9.64
,10.24
,5.87
,15.11
,4.70
,15.91
,9.99
,15.80
,10.73
,15.69
,14.32
,10.27
,12.91
,14.89
,19.47
,9.15
,10.17
,14.62
,12.68
,23.13
,24.97
,15.41
,11.78
,4.84
,17.47
,6.90
,17.27
,9.95
,15.47
,15.33
,9.59
,13.81
,15.54
,14.88
,16.95
,12.74
,20.88
,16.93
,10.71
,17.96
,18.06
,14.99
,7.98
,9.64
,10.22
,5.88
,10.24
,13.48
,16.90
,18.05
,15.67
,8.49
,15.54
,19.95
,17.92
,5.97
,11.37
,20.57
,17.28
,18.31
,11.46
,16.98
,13.52
,13.32
,13.14
,19.17
,20.31
,12.53
,20.22
,14.85
,7.94
,11.21
,14.13
,11.78
,11.47
,9.10
,16.63
,14.78
,17.08
,8.45
,12.31
,9.68
,6.89
,10.55
,13.44
,12.96
,13.32
,18.71
,22.80
,6.16
,13.96
,8.57
,14.62
,10.45
,10.60
,8.35
,14.20
,6.73
,18.38
,15.22
,13.21
,15.90
,8.71
,9.17
,15.23
,8.89
,8.85
,7.02
,11.49
,10.85
,5.63
,16.86
,11.46
,8.03
,8.95
,14.38
,13.85
,8.67
,10.94
,15.90
,10.34
,19.64
,8.99
,15.24
,19.89
,12.95
,19.12
,10.01
,14.17
,12.98
,12.62
,16.51
,8.25
,15.77
,16.82
,18.78
,9.87
,8.38
,12.29
,8.94
,18.45
,15.39
,10.53
,12.87
,10.60
,11.83
,11.33
,11.63
,10.62
,9.61
,21.60
,16.04
,10.32
,17.07
,24.22
,14.94
,14.08
,15.18
,16.31
,10.57
,8.75
,15.09
,9.59
,19.73
,5.64
,7.06
,11.21
,10.07
,22.64
,20.32
,8.03
,6.00
,12.71
,15.54
,21.03
,16.05
,12.43
,10.37
,11.07
,19.98
,14.70
,13.23
,12.55
,12.22
,23.82
,6.06
,7.49
,11.00
,11.48
,6.85
,14.47
,12.75
,18.32
,18.43
,13.87
,14.04
,7.56
,25.04
,12.54
,14.78
,11.01
,8.48
,14.82
,10.31
,22.72
,12.92
,14.33
,5.80
,15.19
,12.02
,18.64
,9.89
,7.60
,18.67
,17.10
,11.16
,7.11
,12.36
,10.50
,18.97
,6.56
,13.70
,21.26
,7.87
,13.61
,15.57
,19.20
,13.21
,14.98
,13.73
,10.67
,10.43
,10.64
,16.79
,13.40
,12.23
,12.76
,4.07
,11.30
,14.72
,14.88
,15.68
,15.76
,6.20
,9.59
,14.81
,13.78
,18.14
,12.89
,10.28
,11.29
,17.97
,10.45
,9.89
,19.14
,14.58
,11.36
,12.13
,18.35
,5.93
,11.65
,2.85
,16.54
,16.32
,12.95
,9.82
,10.31
,10.89
,12.23
,8.93
,10.80
,4.01
,3.94
,12.97
,19.51
,8.14
,6.92
,26.25
,6.34
,5.59
,10.33
,14.70
,18.49
,12.91
,5.15
,17.39
,14.84
,6.57
,17.22
,9.89
,13.38
,4.02
,20.51
,8.44
,12.27
,5.38
,8.11
,22.16
,13.87
,12.47
,12.84
,9.76
,13.08
,12.94
,11.97
,9.47
,7.19
,16.05
,14.54
,19.56
,17.78
,14.41
,10.05
,11.66
,16.64
,11.45
,9.18
,11.01
,15.23
,10.64
,10.81
,19.33
,5.59
,19.72
,17.01
,17.47
,11.63
,25.92
,17.60
,7.59
,30.63
,24.20
,16.52
,9.05
,13.48
,23.58
,17.38
,33.13
,42.75
,46.72
,11.38
,39.99
,31.68
,25.99
,35.21
,36.09
,17.90
,6.21
,24.86
,24.86
,10.12
,10.79
,7.02
,6.21
,40.54
,40.07
,25.09
,10.12
,6.21
,38.13
,13.54
,11.67
,24.85
,5.65
,6.21
,15.32
,6.21
,10.12
,29.95
,14.24
,10.10
,8.30
,8.66
,24.21
,8.34
,22.24
,24.24
,21.57
,30.93
,25.68
,16.29
,26.34
,38.10
,24.32
,24.04
,21.27
,16.48
,24.32
,14.97
,26.67
,31.65
,32.38
,6.35
,25.05
,18.61
,9.26
